Question,Difficulty,Ground Truth SQL,Predicted SQL,EX
"Consider the average difference between K-12 enrollment and 15-17 enrollment of schools that are locally funded, list the names and DOC type of schools which has a difference above this average.",challenging,"SELECT T2.School, T2.DOC FROM frpm AS T1 INNER JOIN schools AS T2 ON T1.CDSCode = T2.CDSCode WHERE T2.FundingType = 'Locally funded' AND (T1.`Enrollment (K-12)` - T1.`Enrollment (Ages 5-17)`) > (SELECT AVG(T3.`Enrollment (K-12)` - T3.`Enrollment (Ages 5-17)`) FROM frpm AS T3 INNER JOIN schools AS T4 ON T3.CDSCode = T4.CDSCode WHERE T4.FundingType = 'Locally funded')","SELECT school, doctype FROM frpm JOIN schools ON frpm.school = schools.school WHERE charter_funding_type = 'Local' GROUP BY school, doctype HAVING (enrollment_k_12 - enrollment_ages_5_17) > ( SELECT AVG(enrollment_k_12 - enrollment_ages_5_17) FROM frpm WHERE charter_funding_type = 'Local' )",0
Under whose administration is the school with the highest number of students scoring 1500 or more on the SAT? Indicate their full names.,challenging,"SELECT T2.AdmFName1, T2.AdmLName1, T2.AdmFName2, T2.AdmLName2, T2.AdmFName3, T2.AdmLName3 FROM satscores AS T1 INNER JOIN schools AS T2 ON T1.cds = T2.CDSCode ORDER BY T1.NumGE1500 DESC LIMIT 1","SELECT admfname1, admlname1, admfname2, admlname2, admfname3, admlname3 FROM satscores JOIN schools ON satscores.cds = schools.cdscode WHERE numge1500 = (SELECT MAX(numge1500) FROM satscores)",1
What is the total number of non-chartered schools in the county of Los Angeles with a percent (%) of eligible free meals for grades 1 through 12 that is less than 0.18%?,challenging,SELECT COUNT(T2.School) FROM frpm AS T1 INNER JOIN schools AS T2 ON T1.CDSCode = T2.CDSCode WHERE T2.County = 'Los Angeles' AND T2.Charter = 0 AND CAST(T1.`Free Meal Count (K-12)` AS REAL) * 100 / T1.`Enrollment (K-12)` < 0.18,SELECT COUNT(*) FROM frpm JOIN schools ON frpm.cdscode = schools.cdscode WHERE (frpm.county_name = 'Los Angeles' OR schools.county = 'Los Angeles') AND (frpm.`percent (%) eligible free (k-12)` < 0.18) AND (frpm.`charter school (y/n)` = 0 OR schools.charter = 0),0
"Of the schools that offers a magnet program serving a grade span of Kindergarten to 8th grade, how many offers Multiple Provision Types? List the number of cities that offers a Kindergarten to 8th grade span and indicate how many schools are there serving such grade span for each city.",challenging,"SELECT T2.City, COUNT(T2.CDSCode) FROM frpm AS T1 INNER JOIN schools AS T2 ON T1.CDSCode = T2.CDSCode WHERE T2.Magnet = 1 AND T2.GSoffered = 'K-8' AND T1.`NSLP Provision Status` = 'Multiple Provision Types' GROUP BY T2.City","SELECT COUNT(*) AS num_schools, schools.city FROM frpm JOIN schools ON frpm.cdscode = schools.cdscode WHERE schools.magnet = 1 AND frpm.low_grade <= 8 AND frpm.high_grade >= 5 AND frpm.nslp_provision_status = 'Multiple Provision Types' GROUP BY schools.city",0
"What are the valid e-mail addresses of the administrator of the school located in the San Bernardino county, City of San Bernardino City Unified that opened between 1/1/2009 to 12/31/2010 whose school types are public Intermediate/Middle Schools and Unified Schools?",challenging,"SELECT T2.AdmEmail1, T2.AdmEmail2 FROM frpm AS T1 INNER JOIN schools AS T2 ON T1.CDSCode = T2.CDSCode WHERE T2.County = 'San Bernardino' AND T2.City = 'San Bernardino' AND T2.DOC = 54 AND strftime('%Y', T2.OpenDate) BETWEEN '2009' AND '2010' AND T2.SOC = 62","SELECT admemail1, admemail2, admemail3 FROM schools WHERE county = 'San Bernardino' AND city = 'San Bernardino City Unified' AND opendate BETWEEN '2009-01-01' AND '2009-12-31' AND (soc = 62 OR doc = 54)",0
"List out the account numbers of female clients who are oldest and has lowest average salary, calculate the gap between this lowest average salary with the highest average salary?",challenging,"SELECT T1.account_id , ( SELECT MAX(A11) - MIN(A11) FROM district ) FROM account AS T1 INNER JOIN district AS T2 ON T1.district_id = T2.district_id INNER JOIN disp AS T3 ON T1.account_id = T3.account_id INNER JOIN client AS T4 ON T3.client_id = T4.client_id WHERE T2.district_id = ( SELECT district_id FROM client WHERE gender = 'F' ORDER BY birth_date ASC LIMIT 1 ) ORDER BY T2.A11 DESC LIMIT 1","SELECT account.account_id, MIN(AVG(trans.amount)) AS lowest_avg_salary, MAX(AVG(trans.amount)) AS highest_avg_salary, MAX(AVG(trans.amount)) - MIN(AVG(trans.amount)) AS salary_gap FROM account JOIN client ON account.account_id = client.account_id JOIN trans ON account.account_id = trans.account_id WHERE client.gender = 'F' GROUP BY client.client_id ORDER BY client.birth_date ASC LIMIT 1",0
"For the branch which located in the south Bohemia with biggest number of inhabitants, what is the percentage of the male clients?",challenging,SELECT CAST(SUM(T1.gender = 'M') AS REAL) * 100 / COUNT(T1.client_id) FROM client AS T1 INNER JOIN district AS T2 ON T1.district_id = T2.district_id WHERE T2.A3 = 'south Bohemia' GROUP BY T2.A4 ORDER BY T2.A4 DESC LIMIT 1,"SELECT DIVIDE(COUNT(CASE WHEN gender = 'M' THEN 1 END), COUNT(*)) * 100 AS percentage_male_clients FROM client JOIN district ON client.district_id = district.district_id WHERE district.a3 = 'South Bohemia' GROUP BY district.district_id ORDER BY district.a4 DESC LIMIT 1",0
"For the client whose loan was approved first in 1993/7/5, what is the increase rate of his/her account balance from 1993/3/22 to 1998/12/27?",challenging,"SELECT CAST((SUM(IIF(T3.date = '1998-12-27', T3.balance, 0)) - SUM(IIF(T3.date = '1993-03-22', T3.balance, 0))) AS REAL) * 100 / SUM(IIF(T3.date = '1993-03-22', T3.balance, 0)) FROM loan AS T1 INNER JOIN account AS T2 ON T1.account_id = T2.account_id INNER JOIN trans AS T3 ON T3.account_id = T2.account_id WHERE T1.date = '1993-07-05'","WITH first_loan AS ( SELECT account_id FROM loan WHERE status = 'approved' ORDER BY date LIMIT 1 ), balance_a AS ( SELECT balance FROM trans WHERE account_id = (SELECT account_id FROM first_loan) AND date = '1993-03-22' ), balance_b AS ( SELECT balance FROM trans WHERE account_id = (SELECT account_id FROM first_loan) AND date = '1998-12-27' ) SELECT ((SELECT balance FROM balance_b) - (SELECT balance FROM balance_a)) / (SELECT balance FROM balance_a) * 100 AS increase_rate",0
"For loans contracts which are still running where client are in debt, list the district of the and the state the percentage unemployment rate increment from year 1995 to 1996.",challenging,SELECT CAST((T3.A13 - T3.A12) AS REAL) * 100 / T3.A12 FROM loan AS T1 INNER JOIN account AS T2 ON T1.account_id = T2.account_id INNER JOIN district AS T3 ON T2.district_id = T3.district_id WHERE T1.status = 'D',"SELECT district.district_id, ((A13 - A12) / A12) * 100 AS unemployment_increment FROM loan JOIN account ON loan.account_id = account.account_id JOIN disp ON account.account_id = disp.account_id JOIN client ON disp.client_id = client.client_id JOIN district ON client.district_id = district.district_id WHERE loan.status = 'D'",0
"Please list the account types that are not eligible for loans, and the average income of residents in the district where the account is located exceeds $8000 but is no more than $9000.",challenging,SELECT T3.type FROM district AS T1 INNER JOIN account AS T2 ON T1.district_id = T2.district_id INNER JOIN disp AS T3 ON T2.account_id = T3.account_id WHERE T3.type != 'OWNER' AND T1.A11 BETWEEN 8000 AND 9000,SELECT disp.type FROM account JOIN disp ON account.account_id = disp.account_id JOIN district ON disp.district_id = district.district_id WHERE disp.type <> 'OWNER' GROUP BY disp.type HAVING AVG(district.a11) BETWEEN 8000 AND 9000,0
What was the growth rate of the total amount of loans across all accounts for a male client between 1996 and 1997?,challenging,"SELECT CAST((SUM(CASE WHEN STRFTIME('%Y', T1.date) = '1997' THEN T1.amount ELSE 0 END) - SUM(CASE WHEN STRFTIME('%Y', T1.date) = '1996' THEN T1.amount ELSE 0 END)) AS REAL) * 100 / SUM(CASE WHEN STRFTIME('%Y', T1.date) = '1996' THEN T1.amount ELSE 0 END) FROM loan AS T1 INNER JOIN account AS T2 ON T1.account_id = T2.account_id INNER JOIN disp AS T3 ON T3.account_id = T2.account_id INNER JOIN client AS T4 ON T4.client_id = T3.client_id WHERE T4.gender = 'M' AND T3.type = 'OWNER'","WITH loans_1996 AS ( SELECT SUM(loan.amount) AS total_amount_1996 FROM loan JOIN account ON loan.account_id = account.account_id JOIN disp ON account.account_id = disp.account_id JOIN client ON disp.client_id = client.client_id WHERE client.gender = 'M' AND loan.date BETWEEN '1996-01-01' AND '1996-12-31' ), loans_1997 AS ( SELECT SUM(loan.amount) AS total_amount_1997 FROM loan JOIN account ON loan.account_id = account.account_id JOIN disp ON account.account_id = disp.account_id JOIN client ON disp.client_id = client.client_id WHERE client.gender = 'M' AND loan.date BETWEEN '1997-01-01' AND '1997-12-31' ) SELECT ((total_amount_1997 - total_amount_1996) / total_amount_1996) * 100 AS growth_rate FROM loans_1996, loans_1997",0
How often does account number 3 request an account statement to be released? What was the aim of debiting 3539 in total?,challenging,"SELECT T1.frequency, T2.k_symbol FROM account AS T1 INNER JOIN (SELECT account_id, k_symbol, SUM(amount) AS total_amount FROM `order` GROUP BY account_id, k_symbol) AS T2 ON T1.account_id = T2.account_id WHERE T1.account_id = 3 AND T2.total_amount = 3539","SELECT (SELECT COUNT(*) FROM trans WHERE account_id = 3 AND k_symbol = 'ACC_STATEMENT') AS statement_frequency, (SELECT SUM(amount) FROM trans WHERE account_id = 3 AND k_symbol = '3539') AS total_debited_3539",0
On average how many carcinogenic molecules are single bonded?,challenging,"SELECT AVG(single_bond_count) FROM (SELECT T3.molecule_id, COUNT(T1.bond_type) AS single_bond_count FROM bond AS T1  INNER JOIN atom AS T2 ON T1.molecule_id = T2.molecule_id INNER JOIN molecule AS T3 ON T3.molecule_id = T2.molecule_id WHERE T1.bond_type = '-' AND T3.label = '+' GROUP BY T3.molecule_id) AS subquery","SELECT DIVIDE(SUM(bond_type = '-'), COUNT(DISTINCT atom.molecule_id)) AS average_single_bonded_carcinogenic_molecules FROM atom JOIN bond ON atom.molecule_id = bond.molecule_id JOIN connected ON connected.bond_id = bond.bond_id JOIN molecule ON atom.molecule_id = molecule.molecule_id WHERE molecule.label = '+'",0
What elements are in the TR004_8_9 bond atoms?,challenging,SELECT DISTINCT T1.element FROM atom AS T1 INNER JOIN connected AS T2 ON T1.atom_id = T2.atom_id WHERE T2.bond_id = 'TR004_8_9',SELECT element FROM atom JOIN connected ON atom.atom_id = connected.atom_id OR atom.atom_id = connected.atom_id2 JOIN bond ON connected.bond_id = bond.bond_id WHERE bond.bond_id = 'TR004_8_9',1
What elements are in a double type bond?,challenging,SELECT DISTINCT T1.element FROM atom AS T1 INNER JOIN bond AS T2 ON T1.molecule_id = T2.molecule_id INNER JOIN connected AS T3 ON T1.atom_id = T3.atom_id WHERE T2.bond_type = '=',SELECT element FROM atom JOIN connected ON atom.atom_id = connected.atom_id OR atom.atom_id = connected.atom_id2 JOIN bond ON connected.bond_id = bond.bond_id WHERE bond.bond_type = '=',0
Which element is the least numerous in non-carcinogenic molecules?,challenging,"SELECT T.element FROM (SELECT T1.element, COUNT(DISTINCT T1.molecule_id) FROM atom AS T1 INNER JOIN molecule AS T2 ON T1.molecule_id = T2.molecule_id WHERE T2.label = '-' GROUP BY T1.element ORDER BY COUNT(DISTINCT T1.molecule_id) ASC LIMIT 1) t","SELECT element, COUNT(element) AS element_count FROM atom JOIN molecule ON atom.molecule_id = molecule.molecule_id WHERE molecule.label = '-' GROUP BY element ORDER BY element_count ASC LIMIT 1",0
How many atoms with iodine and with sulfur type elements are there in single bond molecules?,challenging,"SELECT COUNT(DISTINCT CASE WHEN T1.element = 'i' THEN T1.atom_id ELSE NULL END) AS iodine_nums , COUNT(DISTINCT CASE WHEN T1.element = 's' THEN T1.atom_id ELSE NULL END) AS sulfur_nums FROM atom AS T1 INNER JOIN connected AS T2 ON T1.atom_id = T2.atom_id INNER JOIN bond AS T3 ON T2.bond_id = T3.bond_id WHERE T3.bond_type = '-'",SELECT COUNT(DISTINCT atom.atom_id) FROM atom JOIN bond ON atom.molecule_id = bond.molecule_id JOIN connected ON atom.atom_id = connected.atom_id OR atom.atom_id = connected.atom_id2 WHERE (atom.element = 'i' OR atom.element = 's') AND bond.bond_type = '-',0
What percentage of carcinogenic-type molecules does not contain fluorine?,challenging,SELECT CAST(COUNT(DISTINCT CASE WHEN T1.element <> 'f' THEN T2.molecule_id ELSE NULL END) AS REAL) * 100 / COUNT(DISTINCT T2.molecule_id) FROM atom AS T1 INNER JOIN molecule AS T2 ON T1.molecule_id = T2.molecule_id WHERE T2.label = '+',"SELECT DIVIDE(SUM(CASE WHEN element <> 'f' THEN 1 ELSE 0 END) * 100, COUNT(DISTINCT molecule_id)) AS percentage FROM atom JOIN molecule ON atom.molecule_id = molecule.molecule_id WHERE molecule.label = '+'",0
What is the percentage of carcinogenic molecules in triple type bonds?,challenging,SELECT CAST(COUNT(DISTINCT CASE WHEN T2.label = '+' THEN T2.molecule_id ELSE NULL END) AS REAL) * 100 / COUNT(DISTINCT T2.molecule_id) FROM atom AS T1 INNER JOIN molecule AS T2 ON T1.molecule_id = T2.molecule_id INNER JOIN bond AS T3 ON T2.molecule_id = T3.molecule_id WHERE T3.bond_type = '#',"SELECT DIVIDE(SUM(CASE WHEN bond_type = '#' THEN 1 ELSE 0 END) * 100, COUNT(bond_id)) as percent FROM bond JOIN molecule ON bond.molecule_id = molecule.molecule_id WHERE label = '+'",0
Please list top three elements of the toxicology of the molecule TR000 in alphabetical order.,challenging,SELECT DISTINCT T.element FROM atom AS T WHERE T.molecule_id = 'TR000' ORDER BY T.element LIMIT 3,SELECT element FROM atom JOIN molecule ON atom.molecule_id = molecule.molecule_id WHERE molecule.label = 'TR000' ORDER BY element LIMIT 3,0
What are the elements of the toxicology and label of molecule TR060?,challenging,"SELECT DISTINCT T1.element, T2.label FROM atom AS T1 INNER JOIN molecule AS T2 ON T1.molecule_id = T2.molecule_id WHERE T2.molecule_id = 'TR060'","SELECT atom.element, molecule.label FROM atom JOIN molecule ON atom.molecule_id = molecule.molecule_id WHERE molecule.molecule_id = 'TR060'",1
Which bond type accounted for the majority of the bonds found in molecule TR010 and state whether or not this molecule is carcinogenic?,challenging,"SELECT T.bond_type FROM ( SELECT T1.bond_type, COUNT(T1.molecule_id) FROM bond AS T1  WHERE T1.molecule_id = 'TR010' GROUP BY T1.bond_type ORDER BY COUNT(T1.molecule_id) DESC LIMIT 1 ) AS T",SELECT bond_type FROM bond JOIN molecule ON bond.molecule_id = molecule.molecule_id WHERE molecule.molecule_id = 'TR010' GROUP BY bond_type ORDER BY COUNT(bond_type) DESC LIMIT 1,1
"List all the elements of the toxicology of the molecule ""TR004"".",challenging,SELECT DISTINCT T.element FROM atom AS T WHERE T.molecule_id = 'TR004',SELECT element FROM atom JOIN molecule ON atom.molecule_id = molecule.molecule_id WHERE molecule.label = 'TR004',0
List all the elements of atoms that can not bond with any other atoms.,challenging,SELECT DISTINCT T.element FROM atom AS T WHERE T.element NOT IN ( SELECT DISTINCT T1.element FROM atom AS T1 INNER JOIN connected AS T2 ON T1.atom_id = T2.atom_id ),SELECT element FROM atom WHERE atom_id NOT IN ( SELECT atom_id FROM connected ) AND atom_id NOT IN ( SELECT atom_id2 FROM connected ),0
What are the elements of the atoms of TR144_8_19?,challenging,SELECT T2.element FROM connected AS T1 INNER JOIN atom AS T2 ON T1.atom_id = T2.atom_id WHERE T1.bond_id = 'TR144_8_19',SELECT atom.element FROM atom JOIN connected ON atom.atom_id = connected.atom_id OR atom.atom_id = connected.atom_id2 JOIN bond ON connected.bond_id = bond.bond_id WHERE bond.bond_id = 'TR144_8_19',1
List the elements of all the triple bonds.,challenging,SELECT DISTINCT T3.element FROM bond AS T1 INNER JOIN connected AS T2 ON T1.bond_id = T2.bond_id INNER JOIN atom AS T3 ON T2.atom_id = T3.atom_id WHERE T1.bond_type = '#',SELECT element FROM atom JOIN connected ON atom.atom_id = connected.atom_id OR atom.atom_id = connected.atom_id2 JOIN bond ON connected.bond_id = bond.bond_id WHERE bond.bond_type = '#',1
What is the composition of element chlorine in percentage among the single bond molecules?,challenging,"SELECT CAST(COUNT(CASE WHEN T.element = 'cl' THEN T.atom_id ELSE NULL END) AS REAL) * 100 / COUNT(T.atom_id) FROM ( SELECT T1.atom_id, T1.element FROM atom AS T1 INNER JOIN molecule AS T2 ON T1.molecule_id = T2.molecule_id INNER JOIN bond AS T3 ON T2.molecule_id = T3.molecule_id WHERE T3.bond_type = '-' ) AS T","SELECT DIVIDE(SUM(CASE WHEN element = 'cl' THEN 1 ELSE 0 END), COUNT(atom_id)) as percent FROM atom JOIN connected ON atom.atom_id = connected.atom_id OR atom.atom_id = connected.atom_id2 JOIN bond ON connected.bond_id = bond.bond_id WHERE bond_type = '-'",0
What are the elements for bond id TR001_10_11?,challenging,SELECT T2.element FROM connected AS T1 INNER JOIN atom AS T2 ON T1.atom_id = T2.atom_id WHERE T1.bond_id = 'TR001_10_11',SELECT element FROM atom JOIN connected ON atom.atom_id = connected.atom_id OR atom.atom_id = connected.atom_id2 WHERE connected.bond_id = 'TR001_10_11',1
What are the toxicology elements associated with bond ID TR000_1_2?,challenging,SELECT T1.element FROM atom AS T1 INNER JOIN connected AS T2 ON T1.atom_id = T2.atom_id WHERE T2.bond_id = 'TR000_1_2',SELECT element FROM atom JOIN connected ON atom.atom_id = connected.atom_id OR atom.atom_id = connected.atom_id2 WHERE connected.bond_id = 'TR000_1_2',1
Tally the toxicology element of the 4th atom of each molecule that was carcinogenic.,challenging,"SELECT DISTINCT T1.element FROM atom AS T1 INNER JOIN molecule AS T2 ON T1.molecule_id = T2.molecule_id WHERE T2.label = '+' AND SUBSTR(T1.atom_id, -1) = '4' AND LENGTH(T1.atom_id) = 7","SELECT element, COUNT(element) FROM atom JOIN molecule ON atom.molecule_id = molecule.molecule_id WHERE label = '+' AND substr(atom_id, 7, 1) = '4' GROUP BY element",0
What is the ratio of Hydrogen elements in molecule ID TR006? List the ratio with its label.,challenging,"WITH SubQuery AS (SELECT DISTINCT T1.atom_id, T1.element, T1.molecule_id, T2.label FROM atom AS T1 INNER JOIN molecule AS T2 ON T1.molecule_id = T2.molecule_id WHERE T2.molecule_id = 'TR006') SELECT CAST(COUNT(CASE WHEN element = 'h' THEN atom_id ELSE NULL END) AS REAL) / (CASE WHEN COUNT(atom_id) = 0 THEN NULL ELSE COUNT(atom_id) END) AS ratio, label FROM SubQuery GROUP BY label","SELECT SUM(CASE WHEN element = 'h' THEN 1 ELSE 0 END) / COUNT(element) AS ratio, label FROM atom JOIN molecule ON atom.molecule_id = molecule.molecule_id WHERE atom.molecule_id = 'TR006'",0
Name chemical elements that form a bond TR001_10_11.,challenging,SELECT T1.element FROM atom AS T1 INNER JOIN connected AS T2 ON T1.atom_id = T2.atom_id INNER JOIN bond AS T3 ON T2.bond_id = T3.bond_id WHERE T3.bond_id = 'TR001_10_11',SELECT element FROM atom WHERE atom_id IN ( SELECT atom_id FROM connected WHERE bond_id = 'TR001_10_11' ) OR atom_id IN ( SELECT atom_id2 FROM connected WHERE bond_id = 'TR001_10_11' ),1
Which toxic element can be found in the molecule TR151?,challenging,SELECT DISTINCT T.element FROM atom AS T WHERE T.molecule_id = 'TR151',"SELECT element FROM atom JOIN molecule ON atom.molecule_id = molecule.molecule_id WHERE molecule.label = 'TR151' AND element IN ('cl', 'f', 'br', 'i', 'pb', 'te', 'sn')",0
Name the elements that comprise the atoms of bond TR001_2_4.,challenging,SELECT DISTINCT T1.element FROM atom AS T1 INNER JOIN connected AS T2 ON T1.atom_id = T2.atom_id WHERE T2.bond_id = 'TR001_2_4',SELECT element FROM atom JOIN connected ON atom.atom_id = connected.atom_id WHERE connected.bond_id = 'TR001_2_4',1
List all carcinogenic molecules and their elements.,challenging,"SELECT DISTINCT T2.molecule_id, T1.element FROM atom AS T1 INNER JOIN molecule AS T2 ON T1.molecule_id = T2.molecule_id WHERE T2.label = '+'","SELECT molecule.molecule_id, atom.element FROM atom JOIN molecule ON atom.molecule_id = molecule.molecule_id WHERE molecule.label = '+'",1
Which molecules have triple bonds and list all the elements they contain.,challenging,"SELECT DISTINCT T1.molecule_id, T2.element FROM bond AS T1 INNER JOIN atom AS T2 ON T1.molecule_id = T2.molecule_id WHERE T1.bond_type = '#'","SELECT m.label, GROUP_CONCAT(DISTINCT a.element) AS elements FROM molecule m JOIN bond b ON m.molecule_id = b.molecule_id JOIN connected c ON b.bond_id = c.bond_id JOIN atom a ON c.atom_id = a.atom_id OR c.atom_id2 = a.atom_id WHERE b.bond_type = '#' GROUP BY m.molecule_id",0
Name the atoms' elements that form bond TR000_2_3.,challenging,SELECT T2.element FROM connected AS T1 INNER JOIN atom AS T2 ON T1.atom_id = T2.atom_id WHERE T1.bond_id = 'TR000_2_3',SELECT element FROM atom JOIN connected ON atom.atom_id = connected.atom_id OR atom.atom_id = connected.atom_id2 JOIN bond ON connected.bond_id = bond.bond_id WHERE bond.bond_id = 'TR000_2_3',1
How many elements are contained in bond_id TR001_3_4?,challenging,SELECT COUNT(DISTINCT T1.element) FROM atom AS T1 INNER JOIN connected AS T2 ON T1.atom_id = T2.atom_id WHERE T2.bond_id = 'TR001_3_4',SELECT COUNT(element) FROM atom JOIN connected ON atom.atom_id = connected.atom_id OR atom.atom_id = connected.atom_id2 JOIN bond ON connected.bond_id = bond.bond_id WHERE bond.bond_id = 'TR001_3_4',0
What is the element of toxicology for the atom with the ID of TR000_1?,challenging,SELECT T.element FROM atom AS T WHERE T.atom_id = 'TR000_1',SELECT element FROM atom WHERE atom.atom_id = 'TR000_1',1
"List all the elements with double bond, consisted in molecule TR024.",challenging,SELECT T1.element FROM atom AS T1 INNER JOIN bond AS T2 ON T1.molecule_id = T2.molecule_id WHERE T1.molecule_id = 'TR024' AND T2.bond_type = '=',SELECT DISTINCT a.element FROM atom a JOIN connected c ON a.atom_id = c.atom_id OR a.atom_id = c.atom_id2 JOIN bond b ON c.bond_id = b.bond_id JOIN molecule m ON a.molecule_id = m.molecule_id AND b.molecule_id = m.molecule_id WHERE b.bond_type = '=' AND m.label = 'TR024',0
Calculate the percentage of carcinogenic molecules with triple bonded Hidrogen atoms.,challenging,SELECT CAST(SUM(CASE WHEN T1.label = '+' THEN 1 ELSE 0 END) AS REAL) * 100 / COUNT(DISTINCT T1.molecule_id) FROM molecule AS T1 INNER JOIN atom AS T2 ON T1.molecule_id = T2.molecule_id INNER JOIN bond AS T3 ON T1.molecule_id = T3.molecule_id WHERE T3.bond_type = '#' AND T2.element = 'h',"SELECT (DIVIDE(SUM(CASE WHEN molecule.label = '+' THEN 1 ELSE 0 END), COUNT(DISTINCT molecule.molecule_id)) * 100.0) AS percentage FROM atom JOIN bond ON atom.molecule_id = bond.molecule_id JOIN connected ON bond.bond_id = connected.bond_id JOIN molecule ON atom.molecule_id = molecule.molecule_id WHERE atom.element = 'h' AND bond.bond_type = '#'",0
What is the element with the atom ID of TR004_7 in molecule that is not carcinogenic?,challenging,SELECT T1.element FROM atom AS T1 INNER JOIN molecule AS T2 ON T1.molecule_id = T2.molecule_id WHERE T1.atom_id = 'TR004_7' AND T2.label = '-',SELECT element FROM atom JOIN molecule ON atom.molecule_id = molecule.molecule_id WHERE atom.atom_id = 'TR004_7' AND molecule.label = '-',1
List the element and bond type included in the molecule with molecule ID of TR002.,challenging,"SELECT DISTINCT T1.element, T2.bond_type FROM atom AS T1 INNER JOIN bond AS T2 ON T1.molecule_id = T2.molecule_id WHERE T1.molecule_id = 'TR002'","SELECT atom.element, bond.bond_type FROM atom JOIN connected ON atom.atom_id = connected.atom_id OR atom.atom_id = connected.atom_id2 JOIN bond ON connected.bond_id = bond.bond_id WHERE atom.molecule_id = 'TR002'",0
What is the percentage of cards whose language is French among the Story Spotlight cards?,challenging,SELECT CAST(SUM(CASE WHEN T2.language = 'French' THEN 1 ELSE 0 END) AS REAL) * 100 / COUNT(T1.id) FROM cards AS T1 INNER JOIN foreign_data AS T2 ON T1.uuid = T2.uuid WHERE T1.isStorySpotlight = 1,SELECT ( CAST(COUNT(id) AS FLOAT) / (SELECT COUNT(id) FROM cards WHERE isStorySpotlight = 1) * 100 ) AS percentage FROM cards WHERE language = 'French' AND isStorySpotlight = 1,0
What percentage of cards with format commander and legal status do not have a content warning?,challenging,SELECT CAST(SUM(CASE WHEN T1.hasContentWarning = 0 THEN 1 ELSE 0 END) AS REAL) * 100 / COUNT(T1.id) FROM cards AS T1 INNER JOIN legalities AS T2 ON T1.uuid = T2.uuid WHERE T2.format = 'commander' AND T2.status = 'Legal',"SELECT DIVIDE(COUNT(cards.hasContentWarning = 0),COUNT(cards.id))*100 AS percentage_no_content_warning FROM cards JOIN legalities ON cards.id = legalities.id WHERE legalities.format = 'commander' AND legalities.status = 'legal'",0
What percentage of cards without power are in French?,challenging,SELECT CAST(SUM(CASE WHEN T2.language = 'French' THEN 1 ELSE 0 END) AS REAL) * 100 / COUNT(T1.id) FROM cards AS T1 INNER JOIN foreign_data AS T2 ON T1.uuid = T2.uuid WHERE T1.power IS NULL OR T1.power = '*',SELECT ( CAST(COUNT(*) AS FLOAT) / (SELECT COUNT(*) FROM cards WHERE power IS NULL OR power = '*') * 100 ) AS percentage_french_cards_without_power FROM cards WHERE (power IS NULL OR power = '*') AND language = 'French',0
Which set is not available outside of the United States and has foil cards with Japanese writing on them? Please include the set ID in your response.,challenging,"SELECT T1.name, T1.id FROM sets AS T1 INNER JOIN set_translations AS T2 ON T1.code = T2.setCode WHERE T2.language = 'Japanese' AND T1.isFoilOnly = 1 AND T1.isForeignOnly = 0",SELECT sets.id FROM sets JOIN set_translations ON sets.code = set_translations.setcode JOIN foreign_data ON sets.code = foreign_data.setcode WHERE sets.isForeignOnly = 1 AND sets.isFoilOnly = 1 AND set_translations.language = 'Japanese',0
"Which of these artists have designed a card in the set Coldsnap, Jeremy Jarvis, Aaron Miller or Chippy?",challenging,SELECT T1.artist FROM cards AS T1 INNER JOIN sets AS T2 ON T2.code = T1.setCode WHERE (T2.name = 'Coldsnap' AND T1.artist = 'Chippy') OR (T2.name = 'Coldsnap' AND T1.artist = 'Aaron Miller') OR (T2.name = 'Coldsnap' AND T1.artist = 'Jeremy Jarvis') GROUP BY T1.artist,"SELECT DISTINCT artist FROM cards JOIN sets ON cards.setcode = sets.code WHERE artist IN ('Jeremy Jarvis', 'Aaron Miller', 'Chippy') AND sets.name = 'Coldsnap'",1
What is the percentage of incredibly powerful cards in the set Coldsnap?,challenging,SELECT CAST(SUM(CASE WHEN T1.cardKingdomFoilId IS NOT NULL AND T1.cardKingdomId IS NOT NULL THEN 1 ELSE 0 END) AS REAL) * 100 / COUNT(T1.id) FROM cards AS T1 INNER JOIN sets AS T2 ON T2.code = T1.setCode WHERE T2.name = 'Coldsnap',"SELECT DIVIDE(SUM(CASE WHEN cardKingdomFoilId IS NOT NULL AND cardKingdomId IS NOT NULL THEN 1 ELSE 0 END), COUNT(*)) * 100 AS percentage FROM cards WHERE name = 'Coldsnap'",0
For all cards illustrated by Jim Pavelec. and describe the text of the ruling of these cards. Do these cards have missing or degraded properties and values.,challenging,"SELECT T2.text , CASE WHEN T1.hasContentWarning = 1 THEN 'YES' ELSE 'NO' END FROM cards AS T1 INNER JOIN rulings AS T2 ON T2.uuid = T1.uuid WHERE T1.artist = 'Jim Pavelec'","SELECT cards.artist, rulings.text, cards.hasContentWarning FROM cards JOIN rulings ON cards.uuid = rulings.uuid WHERE cards.artist = 'Jim Pavelec'",0
"For all the set of cards that has Japanese translation, what is the percentage of them are only available in non-foil?",challenging,SELECT CAST(SUM(CASE WHEN isNonFoilOnly = 1 THEN 1 ELSE 0 END) AS REAL) * 100 / COUNT(id) FROM sets WHERE code IN ( SELECT setCode FROM set_translations WHERE language = 'Japanese' ),"SELECT DIVIDE(SUM(cards.isNonFoilOnly = 1), SUM(foreign_data.language = 'Japanese'))*100 AS percentage_non_foil FROM cards JOIN foreign_data ON cards.uuid = foreign_data.uuid WHERE foreign_data.language = 'Japanese'",0
"For all the set of cards that has Brazil Portuguese translation, what is the percentage of them are only available online?",challenging,SELECT CAST(SUM(CASE WHEN isOnlineOnly = 1 THEN 1 ELSE 0 END) AS REAL) * 100 / COUNT(id) FROM sets WHERE code IN ( SELECT setCode FROM set_translations WHERE language = 'Portuguese (Brazil)' ),"SELECT DIVIDE(SUM(cards.isOnlineOnly = 1), COUNT(DISTINCT cards.id)) * 100 AS percentage_online_only FROM cards JOIN foreign_data ON cards.id = foreign_data.uuid JOIN sets ON cards.setcode = sets.code JOIN set_translations ON sets.code = set_translations.setcode WHERE set_translations.language = 'Portuguese (Brazil)'",0
"Among the sets whose expansion type is Commander, which set has the highest total number of cards including promotional and related supplemental products but excluding Alchemy modifications? Indicate the id of the set.",challenging,SELECT id FROM sets WHERE type = 'commander' ORDER BY totalSetSize DESC LIMIT 1,SELECT id FROM sets WHERE type = 'commander' ORDER BY totalSetSize DESC LIMIT 1,1
"Among the cards whose version of frame style is 1997, what is the status of the card illustrated by D. Alexander Gregory in legacy play format that has sensitive content or Wizards of the Coast?",challenging,SELECT DISTINCT T2.status FROM cards AS T1 INNER JOIN legalities AS T2 ON T2.uuid = T1.uuid WHERE T1.frameVersion = 1997 AND T1.hasContentWarning = 1 AND T1.artist = 'D. Alexander Gregory' AND T2.format = 'legacy',SELECT l.status FROM cards c JOIN foreign_data f ON c.uuid = f.uuid JOIN legalities l ON c.uuid = l.uuid WHERE c.frameVersion = '1997' AND (f.artist = 'D. Alexander Gregory' OR f.artist = 'Wizards of the Coast') AND l.format = 'legacy' AND c.hasContentWarning = 1,0
What is the annual average number of sets that were released between 1/1/2012 to 12/31/2015? Indicate the common langugage of the card.,challenging,"SELECT (CAST(SUM(T1.id) AS REAL) / COUNT(T1.id)) / 4, T2.language FROM sets AS T1 INNER JOIN set_translations AS T2 ON T1.id = T2.id WHERE T1.releaseDate BETWEEN '2012-01-01' AND '2015-12-31' GROUP BY T1.releaseDate ORDER BY COUNT(T2.language) DESC LIMIT 1","SELECT (COUNT(sets.id) / 4) AS annual_average, MAX(COUNT(set_translations.language)) AS common_language FROM sets LEFT JOIN set_translations ON sets.code = set_translations.setcode WHERE sets.releasedate BETWEEN '2012-01-01' AND '2015-12-31' GROUP BY set_translations.language ORDER BY common_language DESC LIMIT 1",0
List the names of all the cards in the set Hour of Devastation and find the formats in which these cards are legal.,challenging,"SELECT DISTINCT T2.name , CASE WHEN T1.status = 'Legal' THEN T1.format ELSE NULL END FROM legalities AS T1 INNER JOIN cards AS T2 ON T2.uuid = T1.uuid WHERE T2.setCode IN ( SELECT code FROM sets WHERE name = 'Hour of Devastation' )","SELECT cards.name, legalities.format FROM cards JOIN sets ON cards.setcode = sets.code JOIN legalities ON cards.uuid = legalities.uuid WHERE sets.name = 'Hour of Devastation' AND legalities.status = 'Legal'",1
Which user added a bounty amount of 50 to the post title mentioning variance?,challenging,"SELECT T3.DisplayName, T1.Title FROM posts AS T1 INNER JOIN votes AS T2 ON T1.Id = T2.PostId INNER JOIN users AS T3 ON T3.Id = T2.UserId WHERE T2.BountyAmount = 50 AND T1.Title LIKE '%variance%'",SELECT users.displayname FROM votes JOIN posts ON votes.postid = posts.id JOIN users ON votes.userid = users.id WHERE votes.bountyamount = 50 AND posts.title LIKE '%variance%',0
What is the percentage difference of student badges given during 2010 and 2011?,challenging,"SELECT CAST(SUM(IIF(STRFTIME('%Y', Date) = '2010', 1, 0)) AS REAL) * 100 / COUNT(Id) - CAST(SUM(IIF(STRFTIME('%Y', Date) = '2011', 1, 0)) AS REAL) * 100 / COUNT(Id) FROM badges WHERE Name = 'Student'",SELECT ((COUNT(CASE WHEN YEAR(badges.date) = 2010 AND badges.name = 'Student' THEN 1 END) / CAST(COUNT(badges.name) AS FLOAT) * 100) - (COUNT(CASE WHEN YEAR(badges.date) = 2011 AND badges.name = 'Student' THEN 1 END) / CAST(COUNT(badges.name) AS FLOAT) * 100)) AS percentage_difference FROM badges,0
"Among posts by Harvey Motulsky and Noah Snyder, which one has higher popularity?",challenging,SELECT T1.DisplayName FROM users AS T1 INNER JOIN postHistory AS T2 ON T1.Id = T2.UserId INNER JOIN posts AS T3 ON T2.PostId = T3.Id WHERE T1.DisplayName = 'Harvey Motulsky' OR T1.DisplayName = 'Noah Snyder' GROUP BY T1.DisplayName ORDER BY SUM(T3.ViewCount) DESC LIMIT 1,"SELECT id, viewcount, ownerdisplayname FROM posts WHERE ownerdisplayname = 'Harvey Motulsky' OR ownerdisplayname = 'Noah Snyder' ORDER BY viewcount DESC LIMIT 1",0
"Based on posts posted by Community, calculate the percentage of posts that use the R language.",challenging,"SELECT CAST(SUM(IIF(T3.TagName = 'r', 1, 0)) AS REAL) * 100 / COUNT(T1.Id) FROM users AS T1 INNER JOIN postHistory AS T2 ON T1.Id = T2.UserId INNER JOIN tags AS T3 ON T3.ExcerptPostId = T2.PostId WHERE T1.DisplayName = 'Community'","SELECT DIVIDE(COUNT(posts.id), (SELECT COUNT(posts.id) FROM posts WHERE posts.ownerdisplayname = 'Community')) * 100 AS percentage FROM posts JOIN tags ON posts.id = tags.postid WHERE posts.ownerdisplayname = 'Community' AND tags.tagname = 'r'",0
"Among all the posts posted by the most influential user, identify the percentage with a score above 50.",challenging,SELECT CAST(SUM(CASE WHEN T2.Score > 50 THEN 1 ELSE 0 END) AS REAL) * 100 / COUNT(T1.Id) FROM users T1 INNER JOIN posts T2 ON T1.Id = T2.OwnerUserId INNER JOIN ( SELECT MAX(Reputation) AS max_reputation FROM users ) T3 ON T1.Reputation = T3.max_reputation,SELECT CAST(COUNT(DISTINCT posts.id) AS FLOAT) / (SELECT COUNT(DISTINCT users.id) FROM users WHERE users.reputation = (SELECT MAX(reputation) FROM users)) * 100 AS percentage FROM posts JOIN users ON posts.owneruserid = users.id WHERE posts.score > 50 AND users.reputation = (SELECT MAX(reputation) FROM users),0
Please list the superhero names of all the superheroes that have blue eyes and blond hair.,challenging,SELECT T1.superhero_name FROM superhero AS T1 INNER JOIN colour AS T2 ON T1.eye_colour_id = T2.id INNER JOIN colour AS T3 ON T1.hair_colour_id = T3.id WHERE T2.colour = 'Blue' AND T3.colour = 'Blond',SELECT superhero.superhero_name FROM superhero JOIN colour AS eye_colour ON superhero.eye_colour_id = eye_colour.id JOIN colour AS hair_colour ON superhero.hair_colour_id = hair_colour.id WHERE eye_colour.colour = 'Blue' AND hair_colour.colour = 'Blond',1
List the superheroes from Marvel Comics who have the super power of 'Super Strength'.,challenging,SELECT superhero_name FROM superhero AS T1 WHERE EXISTS (SELECT 1 FROM hero_power AS T2 INNER JOIN superpower AS T3 ON T2.power_id = T3.id WHERE T3.power_name = 'Super Strength' AND T1.id = T2.hero_id)AND EXISTS (SELECT 1 FROM publisher AS T4 WHERE T4.publisher_name = 'Marvel Comics' AND T1.publisher_id = T4.id),SELECT superhero.superhero_name FROM superhero JOIN publisher ON superhero.publisher_id = publisher.id JOIN hero_power ON superhero.id = hero_power.hero_id JOIN superpower ON hero_power.power_id = superpower.id WHERE publisher.publisher_name = 'Marvel Comics' AND superpower.power_name = 'Super Strength',1
What is the percentage of superheroes who act in their own self-interest or make decisions based on their own moral code? Indicate how many of the said superheroes were published by Marvel Comics.,challenging,"SELECT (CAST(COUNT(*) AS REAL) * 100 / (SELECT COUNT(*) FROM superhero)), CAST(SUM(CASE WHEN T2.publisher_name = 'Marvel Comics' THEN 1 ELSE 0 END) AS REAL) FROM superhero AS T1 INNER JOIN publisher AS T2 ON T1.publisher_id = T2.id INNER JOIN alignment AS T3 ON T3.id = T1.alignment_id WHERE T3.alignment = 'Bad'","SELECT (DIVIDE(SUM(CASE WHEN alignment.alignment = 'Bad' THEN 1 ELSE 0 END), COUNT(superhero.id)) * 100) AS percentage, COUNT(CASE WHEN alignment.alignment = 'Bad' AND publisher.publisher_name = 'Marvel Comics' THEN 1 ELSE NULL END) AS marvel_bad_heroes FROM superhero JOIN alignment ON superhero.alignment_id = alignment.id JOIN publisher ON superhero.publisher_id = publisher.id",0
"Between DC and Marvel Comics, which publisher has published more superheroes? Find the difference in the number of superheroes they have published.",challenging,SELECT SUM(CASE WHEN T2.publisher_name = 'Marvel Comics' THEN 1 ELSE 0 END) - SUM(CASE WHEN T2.publisher_name = 'DC Comics' THEN 1 ELSE 0 END) FROM superhero AS T1 INNER JOIN publisher AS T2 ON T1.publisher_id = T2.id,"SELECT publisher.publisher_name, COUNT(*) FROM superhero JOIN publisher ON superhero.publisher_id = publisher.id WHERE publisher.publisher_name IN ('DC Comics', 'Marvel Comics') GROUP BY publisher.publisher_name",0
"In superheroes with height between 150 to 180, what is the percentage of heroes published by Marvel Comics?",challenging,SELECT CAST(COUNT(CASE WHEN T2.publisher_name = 'Marvel Comics' THEN 1 ELSE NULL END) AS REAL) * 100 / COUNT(T1.id) FROM superhero AS T1 INNER JOIN publisher AS T2 ON T1.publisher_id = T2.id WHERE T1.height_cm BETWEEN 150 AND 180,SELECT ( (CAST(COUNT(*) AS FLOAT) / (SELECT COUNT(*) FROM superhero WHERE height_cm BETWEEN 150 AND 180)) * 100 ) AS percentage_marvel_heroes FROM superhero JOIN publisher ON superhero.publisher_id = publisher.id WHERE height_cm BETWEEN 150 AND 180 AND publisher_name = 'Marvel Comics',0
Which superhero has the most durability published by Dark Horse Comics?,challenging,SELECT T1.superhero_name FROM superhero AS T1 INNER JOIN hero_attribute AS T2 ON T1.id = T2.hero_id INNER JOIN attribute AS T3 ON T3.id = T2.attribute_id INNER JOIN publisher AS T4 ON T4.id = T1.publisher_id WHERE T4.publisher_name = 'Dark Horse Comics' AND T3.attribute_name = 'Durability' ORDER BY T2.attribute_value DESC LIMIT 1,"SELECT superhero_name, MAX(attribute_value) AS max_durability FROM superhero JOIN publisher ON superhero.publisher_id = publisher.id JOIN hero_attribute ON superhero.id = hero_attribute.hero_id JOIN attribute ON hero_attribute.attribute_id = attribute.id WHERE publisher_name = 'Dark Hero Comics' AND attribute_name = 'durability' GROUP BY superhero_name ORDER BY max_durability DESC LIMIT 1",0
"List the eyes, hair and skin colour of all female superheroes published by Dark Horse Comics.",challenging,"SELECT T1.eye_colour_id, T1.hair_colour_id, T1.skin_colour_id FROM superhero AS T1 INNER JOIN publisher AS T2 ON T2.id = T1.publisher_id INNER JOIN gender AS T3 ON T3.id = T1.gender_id WHERE T2.publisher_name = 'Dark Horse Comics' AND T3.gender = 'Female'","SELECT c1.colour AS eye_colour, c2.colour AS hair_colour, c3.colour AS skin_colour FROM superhero JOIN gender ON superhero.gender_id = gender.id JOIN colour AS c1 ON superhero.eye_colour_id = c1.id JOIN colour AS c2 ON superhero.hair_colour_id = c2.id JOIN colour AS c3 ON superhero.skin_colour_id = c3.id JOIN publisher ON superhero.publisher_id = publisher.id WHERE gender.gender = 'Female' AND publisher.publisher_name = 'Dark Horse Comics'",0
"Which superhero has the same eyes, hair and skin colour? Indicate the publisher of the superhero.",challenging,"SELECT T1.superhero_name, T2.publisher_name FROM superhero AS T1 INNER JOIN publisher AS T2 ON T1.publisher_id = T2.id WHERE T1.eye_colour_id = T1.hair_colour_id AND T1.eye_colour_id = T1.skin_colour_id","SELECT superhero_name, publisher_name FROM superhero JOIN publisher ON superhero.publisher_id = publisher.id WHERE eye_colour_id = skin_colour_id AND hair_colour_id = eye_colour_id",1
What is the percentage of blue female superheroes among all female superheroes?,challenging,SELECT CAST(COUNT(CASE WHEN T3.colour = 'Blue' THEN T1.id ELSE NULL END) AS REAL) * 100 / COUNT(T1.id) FROM superhero AS T1 INNER JOIN gender AS T2 ON T1.gender_id = T2.id INNER JOIN colour AS T3 ON T1.skin_colour_id = T3.id WHERE T2.gender = 'Female',"SELECT MULTIPLY(DIVIDE(SUM(CASE WHEN gender.gender = 'Female' AND colour.colour = 'Blue' THEN 1 ELSE 0 END), COUNT(CASE WHEN gender.gender = 'Female' THEN 1 END)), 100) AS percentage FROM superhero JOIN gender ON superhero.gender_id = gender.id JOIN colour ON superhero.skin_colour_id = colour.id",0
How many percent of female heroes were published by Marvel Comics?,challenging,SELECT CAST(COUNT(CASE WHEN T2.publisher_name = 'Marvel Comics' THEN 1 ELSE NULL END) AS REAL) * 100 / COUNT(T1.id) FROM superhero AS T1 INNER JOIN publisher AS T2 ON T1.publisher_id = T2.id INNER JOIN gender AS T3 ON T1.gender_id = T3.id WHERE T3.gender = 'Female',"SELECT MULTIPLY(DIVIDE(SUM(CASE WHEN gender.gender = 'Female' THEN 1 ELSE 0 END), COUNT(*)), 100) AS percentage FROM superhero JOIN gender ON superhero.gender_id = gender.id JOIN publisher ON superhero.publisher_id = publisher.id WHERE publisher.publisher_name = 'Marvel Comics'",0
"Among the bad superheroes, what is the percentage of female superheroes?",challenging,SELECT CAST(COUNT(CASE WHEN T3.gender = 'Female' THEN T1.id ELSE NULL END) AS REAL) * 100 / COUNT(T1.id) FROM superhero AS T1 INNER JOIN alignment AS T2 ON T1.alignment_id = T2.id INNER JOIN gender AS T3 ON T1.gender_id = T3.id WHERE T2.alignment = 'Bad',SELECT (CAST(SUM(CASE WHEN gender.id = 2 THEN 1 ELSE 0 END) AS FLOAT) / COUNT(*) * 100.0) AS percentage FROM superhero JOIN gender ON superhero.gender_id = gender.id JOIN alignment ON superhero.alignment_id = alignment.id WHERE alignment.id = 2,1
"In superheroes with missing weight data, calculate the difference between the number of superheroes with blue eyes and no eye color.",challenging,SELECT SUM(CASE WHEN T2.id = 7 THEN 1 ELSE 0 END) - SUM(CASE WHEN T2.id = 1 THEN 1 ELSE 0 END) FROM superhero AS T1 INNER JOIN colour AS T2 ON T1.eye_colour_id = T2.id WHERE T1.weight_kg = 0 OR T1.weight_kg is NULL,"SELECT SUBTRACT(SUM(CASE WHEN colour.id = 7 THEN 1 ELSE 0 END), SUM(CASE WHEN colour.id = 1 THEN 1 ELSE 0 END)) AS difference FROM superhero JOIN colour ON superhero.eye_colour_id = colour.id WHERE superhero.weight_kg = 0 OR superhero.weight_kg IS NULL",0
Which publisher created more superheroes: DC or Marvel Comics? Find the difference in the number of superheroes.,challenging,SELECT SUM(CASE WHEN T2.publisher_name = 'DC Comics' THEN 1 ELSE 0 END) - SUM(CASE WHEN T2.publisher_name = 'Marvel Comics' THEN 1 ELSE 0 END) FROM superhero AS T1 INNER JOIN publisher AS T2 ON T1.publisher_id = T2.id,"SELECT publisher.publisher_name, COUNT(*) as superhero_count, SUBTRACT(SUM(CASE WHEN publisher.publisher_name = 'DC Comics' THEN 1 ELSE 0 END), SUM(CASE WHEN publisher.publisher_name = 'Marvel Comics' THEN 1 ELSE 0 END)) as difference FROM superhero JOIN publisher ON superhero.publisher_id = publisher.id WHERE publisher.publisher_name IN ('DC Comics', 'Marvel Comics') GROUP BY publisher.publisher_name",0
"Among all superheroes created by George Lucas, identify the percentage of female superheroes.",challenging,SELECT CAST(COUNT(CASE WHEN T3.gender = 'Female' THEN 1 ELSE NULL END) AS REAL) * 100 / COUNT(T1.id) FROM superhero AS T1 INNER JOIN publisher AS T2 ON T1.publisher_id = T2.id INNER JOIN gender AS T3 ON T1.gender_id = T3.id WHERE T2.publisher_name = 'George Lucas',SELECT ( CAST(SUM(CASE WHEN gender.gender = 'Female' THEN 1 ELSE 0 END) AS FLOAT) / CAST(COUNT(*) AS FLOAT) ) * 100.0 AS percentage_female FROM superhero JOIN publisher ON superhero.publisher_id = publisher.id JOIN gender ON superhero.gender_id = gender.id WHERE publisher.publisher_name = 'George Lucas',1
"Among all superheroes in Marvel Comics, identify the percentage of 'good' superheroes.",challenging,SELECT CAST(COUNT(CASE WHEN T3.alignment = 'Good' THEN T1.id ELSE NULL END) AS REAL) * 100 / COUNT(T1.id) FROM superhero AS T1 INNER JOIN publisher AS T2 ON T1.publisher_id = T2.id INNER JOIN alignment AS T3 ON T1.alignment_id = T3.id WHERE T2.publisher_name = 'Marvel Comics',"SELECT MULTIPLY(DIVIDE(SUM(CASE WHEN alignment.alignment = 'Good' THEN 1 ELSE 0 END), COUNT(*)), 100.0) AS percentage_good_superheroes FROM superhero JOIN publisher ON superhero.publisher_id = publisher.id JOIN alignment ON superhero.alignment_id = alignment.id WHERE publisher.publisher_name = 'Marvel Comics'",0
"Paul di Resta was in the No. 853 race, what percent faster did he finish in the 853rd race than the next race for the fastest lap speed?",challenging,"SELECT (SUM(IIF(T2.raceId = 853, T2.fastestLapSpeed, 0)) - SUM(IIF(T2.raceId = 854, T2.fastestLapSpeed, 0))) * 100 / SUM(IIF(T2.raceId = 853, T2.fastestLapSpeed, 0)) FROM drivers AS T1 INNER JOIN results AS T2 ON T2.driverId = T1.driverId WHERE T1.forename = 'Paul' AND T1.surname = 'di Resta'","SELECT DIVIDE(SUBTRACT( (SELECT fastestlapspeed FROM results WHERE raceid = 853 AND driverid = (SELECT driverid FROM drivers WHERE forename = 'Paul' AND surname = 'di Resta')), (SELECT fastestlapspeed FROM results WHERE raceid = 854 AND driverid = (SELECT driverid FROM drivers WHERE forename = 'Paul' AND surname = 'di Resta')) ) * 100, (SELECT fastestlapspeed FROM results WHERE raceid = 853 AND driverid = (SELECT driverid FROM drivers WHERE forename = 'Paul' AND surname = 'di Resta'))) AS percentage_increase",0
Calculate the percentage whereby Hamilton was not at the 1st track of the the f1 circuit since 2010.,challenging,SELECT CAST(COUNT(CASE WHEN T2.position <> 1 THEN T2.position END) AS REAL) * 100 / COUNT(T2.driverStandingsId) FROM races AS T1 INNER JOIN driverStandings AS T2 ON T2.raceId = T1.raceId INNER JOIN drivers AS T3 ON T3.driverId = T2.driverId WHERE T3.surname = 'Hamilton' AND T1.year >= 2010,SELECT (CAST(COUNT(races.raceid) FILTER (WHERE drivers.surname = 'Hamilton' AND results.position > 1) AS FLOAT) / CAST(COUNT(races.raceid) FILTER (WHERE drivers.surname = 'Hamilton') AS FLOAT)) * 100 AS percentage FROM races JOIN results ON races.raceid = results.raceid JOIN drivers ON results.driverid = drivers.driverid WHERE races.year >= 2010,0
How much faster in percentage is the champion than the driver who finished the race last in the 2008 Australian Grand Prix?,challenging,"WITH time_in_seconds AS ( SELECT T1.positionOrder, CASE WHEN T1.positionOrder = 1 THEN (CAST(SUBSTR(T1.time, 1, 1) AS REAL) * 3600) + (CAST(SUBSTR(T1.time, 3, 2) AS REAL) * 60) + CAST(SUBSTR(T1.time, 6) AS REAL) ELSE CAST(SUBSTR(T1.time, 2) AS REAL) END AS time_seconds FROM results AS T1 INNER JOIN races AS T2 ON T1.raceId = T2.raceId WHERE T2.name = 'Australian Grand Prix' AND T1.time IS NOT NULL AND T2.year = 2008 ), champion_time AS ( SELECT time_seconds FROM time_in_seconds WHERE positionOrder = 1), last_driver_incremental AS ( SELECT time_seconds FROM time_in_seconds WHERE positionOrder = (SELECT MAX(positionOrder) FROM time_in_seconds) ) SELECT (CAST((SELECT time_seconds FROM last_driver_incremental) AS REAL) * 100) / (SELECT time_seconds + (SELECT time_seconds FROM last_driver_incremental) FROM champion_time)","WITH race_results AS ( SELECT results.time AS driver_time, LAG(results.time) OVER (ORDER BY results.position) AS champion_time FROM results JOIN races ON results.raceid = races.raceid WHERE races.year = 2008 AND races.name = 'Australian Grand Prix' ORDER BY results.position ), last_driver_time AS ( SELECT driver_time FROM race_results WHERE champion_time IS NOT NULL LIMIT 1 ) SELECT ((strftime('%s', champion_time) - strftime('%s', driver_time)) / strftime('%s', driver_time)) * 100 AS percentage_faster FROM race_results, last_driver_time",0
Please calculate the race completion percentage of Japanese drivers from 2007 to 2009.,challenging,"SELECT CAST(SUM(IIF(T1.time IS NOT NULL, 1, 0)) AS REAL) * 100 / COUNT(T1.raceId) FROM results AS T1 INNER JOIN races AS T2 on T1.raceId = T2.raceId INNER JOIN drivers AS T3 on T1.driverId = T3.driverId WHERE T3.nationality = 'Japanese' AND T2.year BETWEEN 2007 AND 2009",SELECT ( CAST(COUNT(DISTINCT results.raceid) FILTER (WHERE results.time IS NOT NULL) AS FLOAT) / CAST(COUNT(DISTINCT results.raceid) AS FLOAT) ) * 100 AS race_completion_percentage FROM results JOIN drivers ON results.driverid = drivers.driverid JOIN races ON results.raceid = races.raceid WHERE drivers.nationality = 'Japanese' AND races.year BETWEEN 2007 AND 2009,0
"What is the average time in seconds of champion for each year, before year 1975?",challenging,"WITH time_in_seconds AS ( SELECT T2.year, T2.raceId, T1.positionOrder, CASE WHEN T1.positionOrder = 1 THEN (CAST(SUBSTR(T1.time, 1, 1) AS REAL) * 3600) + (CAST(SUBSTR(T1.time, 3, 2) AS REAL) * 60) + CAST(SUBSTR(T1.time, 6,2) AS REAL )   + CAST(SUBSTR(T1.time, 9) AS REAL)/1000 ELSE 0 END AS time_seconds FROM results AS T1 INNER JOIN races AS T2 ON T1.raceId = T2.raceId WHERE T1.time IS NOT NULL ), champion_time AS ( SELECT year, raceId, time_seconds FROM time_in_seconds WHERE positionOrder = 1 ) SELECT year, AVG(time_seconds) FROM champion_time WHERE year < 1975 GROUP BY year HAVING AVG(time_seconds) IS NOT NULL","SELECT year, AVG(milliseconds) / 1000 AS average_time_seconds FROM seasons JOIN races ON seasons.year = races.year JOIN results ON races.raceid = results.raceid JOIN driverstandings ON races.raceid = driverstandings.raceid AND results.driverid = driverstandings.driverid WHERE position = 1 AND year < 1975 GROUP BY year",0
"From 2000 to 2005, what percentage of drivers who were born before 1985 and the lap numbers were over 50?",challenging,"SELECT CAST(SUM(IIF(STRFTIME('%Y', T3.dob) < '1985' AND T1.laps > 50, 1, 0)) AS REAL) * 100 / COUNT(*) FROM results AS T1 INNER JOIN races AS T2 on T1.raceId = T2.raceId INNER JOIN drivers AS T3 on T1.driverId = T3.driverId WHERE T2.year BETWEEN 2000 AND 2005","WITH young_drivers AS ( SELECT DISTINCT drivers.driverid FROM drivers JOIN results ON drivers.driverid = results.driverid JOIN races ON results.raceid = races.raceid WHERE drivers.dob < '1985-01-01' AND results.laps > 50 AND races.year BETWEEN 2000 AND 2005 ), total_drivers AS ( SELECT COUNT(DISTINCT drivers.driverid) FROM drivers JOIN results ON drivers.driverid = results.driverid JOIN races ON results.raceid = races.raceid WHERE races.year BETWEEN 2000 AND 2005 ) SELECT DIVIDE(COUNT(driverid), (SELECT * FROM total_drivers)) * 100 AS percentage FROM young_drivers",0
List down top 3 German drivers who has the shortest average pit stop duration and were born between 1980-1985.,challenging,"SELECT T2.forename, T2.surname FROM pitStops AS T1 INNER JOIN drivers AS T2 on T1.driverId = T2.driverId WHERE T2.nationality = 'German' AND STRFTIME('%Y', T2.dob) BETWEEN '1980' AND '1985' GROUP BY T2.forename, T2.surname ORDER BY AVG(T1.duration) LIMIT 3","SELECT drivers.forename, drivers.surname, AVG(pitstops.duration) AS avg_duration FROM drivers JOIN pitstops ON drivers.driverid = pitstops.driverid WHERE drivers.nationality = 'German' AND 1980 < strftime('%Y', drivers.dob) < 1985 GROUP BY drivers.driverid ORDER BY avg_duration ASC LIMIT 3",0
What is the constructor reference name of the champion in the 2009 Singapore Grand Prix? Please give its website.,challenging,"SELECT T3.constructorRef, T3.url FROM results AS T1 INNER JOIN races AS T2 on T1.raceId = T2.raceId INNER JOIN constructors AS T3 on T1.constructorId = T3.constructorId WHERE T2.name = 'Singapore Grand Prix' AND T2.year = 2009 AND T1.time LIKE '_:%:__.___'","SELECT constructorref, url FROM constructors JOIN results ON constructors.constructorid = results.constructorid JOIN races ON results.raceid = races.raceid WHERE races.year = 2009 AND races.name = 'Singapore Grand Prix' ORDER BY results.time ASC LIMIT 1",0
"Which constructor scored most points from Monaco Grand Prix between 1980 and 2010? List the score, name and nationality of this team.",challenging,"SELECT SUM(T1.points), T2.name, T2.nationality FROM constructorResults AS T1 INNER JOIN constructors AS T2 ON T1.constructorId = T2.constructorId INNER JOIN races AS T3 ON T3.raceid = T1.raceid WHERE T3.name = 'Monaco Grand Prix' AND T3.year BETWEEN 1980 AND 2010 GROUP BY T2.name ORDER BY SUM(T1.points) DESC LIMIT 1","SELECT constructors.name, constructors.nationality, SUM(constructorresults.points) AS total_points FROM constructorresults JOIN races ON constructorresults.raceid = races.raceid JOIN constructors ON constructorresults.constructorid = constructors.constructorid WHERE races.name = 'Monaco Grand Prix' AND races.year BETWEEN 1980 AND 2010 GROUP BY constructors.constructorid ORDER BY total_points DESC LIMIT 1",0
What is full name of the racer who ranked 1st in the 3rd qualifying race held in the Marina Bay Street Circuit in 2008?,challenging,"SELECT T2.forename, T2.surname FROM qualifying AS T1 INNER JOIN drivers AS T2 on T1.driverId = T2.driverId INNER JOIN races AS T3 ON T1.raceid = T3.raceid WHERE q3 IS NOT NULL AND T3.year = 2008 AND T3.circuitId IN ( SELECT circuitId FROM circuits WHERE name = 'Marina Bay Street Circuit' ) ORDER BY CAST(SUBSTR(q3, 1, INSTR(q3, ':') - 1) AS INTEGER) * 60 + CAST(SUBSTR(q3, INSTR(q3, ':') + 1, INSTR(q3, '.') - INSTR(q3, ':') - 1) AS REAL) + CAST(SUBSTR(q3, INSTR(q3, '.') + 1) AS REAL) / 1000 ASC LIMIT 1","SELECT drivers.forename, drivers.surname FROM qualifying JOIN drivers ON qualifying.driverid = drivers.driverid JOIN races ON qualifying.raceid = races.raceid JOIN circuits ON races.circuitid = circuits.circuitid WHERE circuits.name = 'Marina Bay Street Circuit' AND races.year = 2008 AND qualifying.position = 1 AND qualifying.q3 = ( SELECT MIN(q3) FROM qualifying WHERE qualifying.raceid = races.raceid )",1
"Among all the lap records set on various circuits, what is the time for the fastest one?",challenging,"SELECT time FROM lapTimes ORDER BY (CASE WHEN INSTR(time, ':') <> INSTR(SUBSTR(time, INSTR(time, ':') + 1), ':') + INSTR(time, ':') THEN CAST(SUBSTR(time, 1, INSTR(time, ':') - 1) AS REAL) * 3600 ELSE 0 END) + (CAST(SUBSTR(time, INSTR(time, ':') - 2 * (INSTR(time, ':') = INSTR(SUBSTR(time, INSTR(time, ':') + 1), ':') + INSTR(time, ':')), INSTR(time, ':') - 1) AS REAL) * 60) + (CAST(SUBSTR(time, INSTR(time, ':') + 1, INSTR(time, '.') - INSTR(time, ':') - 1) AS REAL)) + (CAST(SUBSTR(time, INSTR(time, '.') + 1) AS REAL) / 1000) ASC LIMIT 1",SELECT MIN(time) FROM laptimes,0
Which top 20 driver created the shortest lap time ever record in a Formula_1 race? Please give them full names.,challenging,"WITH lap_times_in_seconds AS (SELECT driverId, (CASE WHEN SUBSTR(time, 1, INSTR(time, ':') - 1) <> '' THEN CAST(SUBSTR(time, 1, INSTR(time, ':') - 1) AS REAL) * 60 ELSE 0 END + CASE WHEN SUBSTR(time, INSTR(time, ':') + 1, INSTR(time, '.') - INSTR(time, ':') - 1) <> '' THEN CAST(SUBSTR(time, INSTR(time, ':') + 1, INSTR(time, '.') - INSTR(time, ':') - 1) AS REAL) ELSE 0 END + CASE WHEN SUBSTR(time, INSTR(time, '.') + 1) <> '' THEN CAST(SUBSTR(time, INSTR(time, '.') + 1) AS REAL) / 1000 ELSE 0 END) AS time_in_seconds FROM lapTimes) SELECT T2.forename, T2.surname, T1.driverId FROM (SELECT driverId, MIN(time_in_seconds) AS min_time_in_seconds FROM lap_times_in_seconds GROUP BY driverId) AS T1 INNER JOIN drivers AS T2 ON T1.driverId = T2.driverId ORDER BY T1.min_time_in_seconds ASC LIMIT 20","SELECT drivers.forename, drivers.surname, MIN(laptimes.time) AS shortest_lap_time FROM drivers JOIN laptimes ON drivers.driverid = laptimes.driverid GROUP BY drivers.driverid ORDER BY shortest_lap_time ASC LIMIT 20",0
Please list the lap records for the circuits in Italy.,challenging,"WITH fastest_lap_times AS (SELECT T1.raceId, T1.FastestLapTime, (CAST(SUBSTR(T1.FastestLapTime, 1, INSTR(T1.FastestLapTime, ':') - 1) AS REAL) * 60) + (CAST(SUBSTR(T1.FastestLapTime, INSTR(T1.FastestLapTime, ':') + 1, INSTR(T1.FastestLapTime, '.') - INSTR(T1.FastestLapTime, ':') - 1) AS REAL)) + (CAST(SUBSTR(T1.FastestLapTime, INSTR(T1.FastestLapTime, '.') + 1) AS REAL) / 1000) as time_in_seconds FROM results AS T1 WHERE T1.FastestLapTime IS NOT NULL ) SELECT T1.FastestLapTime as lap_record FROM results AS T1 INNER JOIN races AS T2 on T1.raceId = T2.raceId INNER JOIN circuits AS T3 on T2.circuitId = T3.circuitId INNER JOIN (SELECT MIN(fastest_lap_times.time_in_seconds) as min_time_in_seconds FROM fastest_lap_times INNER JOIN races AS T2 on fastest_lap_times.raceId = T2.raceId INNER JOIN circuits AS T3 on T2.circuitId = T3.circuitId WHERE T3.country = 'Italy' ) AS T4 ON (CAST(SUBSTR(T1.FastestLapTime, 1, INSTR(T1.FastestLapTime, ':') - 1) AS REAL) * 60) + (CAST(SUBSTR(T1.FastestLapTime, INSTR(T1.FastestLapTime, ':') + 1, INSTR(T1.FastestLapTime, '.') - INSTR(T1.FastestLapTime, ':') - 1) AS REAL)) + (CAST(SUBSTR(T1.FastestLapTime, INSTR(T1.FastestLapTime, '.') + 1) AS REAL) / 1000) = T4.min_time_in_seconds LIMIT 1","SELECT circuits.name, MIN(laptimes.time) AS lap_record FROM circuits JOIN races ON circuits.circuitid = races.circuitid JOIN laptimes ON races.raceid = laptimes.raceid WHERE circuits.country = 'Italy' GROUP BY circuits.circuitid",0
"In the race a driver set the lap record for the Austrian Grand Prix Circuit, how long did he spent at the pit stop at that same race?",challenging,"WITH fastest_lap_times AS ( SELECT T1.raceId, T1.driverId, T1.FastestLapTime, (CAST(SUBSTR(T1.FastestLapTime, 1, INSTR(T1.FastestLapTime, ':') - 1) AS REAL) * 60) + (CAST(SUBSTR(T1.FastestLapTime, INSTR(T1.FastestLapTime, ':') + 1, INSTR(T1.FastestLapTime, '.') - INSTR(T1.FastestLapTime, ':') - 1) AS REAL)) + (CAST(SUBSTR(T1.FastestLapTime, INSTR(T1.FastestLapTime, '.') + 1) AS REAL) / 1000) as time_in_seconds FROM results AS T1 WHERE T1.FastestLapTime IS NOT NULL), lap_record_race AS ( SELECT T1.raceId, T1.driverId FROM results AS T1 INNER JOIN races AS T2 on T1.raceId = T2.raceId INNER JOIN circuits AS T3 on T2.circuitId = T3.circuitId INNER JOIN ( SELECT MIN(fastest_lap_times.time_in_seconds) as min_time_in_seconds FROM fastest_lap_times INNER JOIN races AS T2 on fastest_lap_times.raceId = T2.raceId INNER JOIN circuits AS T3 on T2.circuitId = T3.circuitId WHERE T2.name = 'Austrian Grand Prix') AS T4 ON (CAST(SUBSTR(T1.FastestLapTime, 1, INSTR(T1.FastestLapTime, ':') - 1) AS REAL) * 60) + (CAST(SUBSTR(T1.FastestLapTime, INSTR(T1.FastestLapTime, ':') + 1, INSTR(T1.FastestLapTime, '.') - INSTR(T1.FastestLapTime, ':') - 1) AS REAL)) + (CAST(SUBSTR(T1.FastestLapTime, INSTR(T1.FastestLapTime, '.') + 1) AS REAL) / 1000) = T4.min_time_in_seconds WHERE T2.name = 'Austrian Grand Prix') SELECT T4.duration FROM lap_record_race INNER JOIN pitStops AS T4 on lap_record_race.raceId = T4.raceId AND lap_record_race.driverId = T4.driverId",SELECT pitstops.duration FROM pitstops JOIN races ON pitstops.raceid = races.raceid JOIN circuits ON races.circuitid = circuits.circuitid JOIN results ON pitstops.driverid = results.driverid AND pitstops.raceid = results.raceid WHERE circuits.name = 'Austrian Grand Prix Circuit' AND results.fastestlap = 1,0
"In Scotland Premier League, which away team won the most during the 2010 season?",challenging,SELECT teamInfo.team_long_name FROM League AS leagueData INNER JOIN Match AS matchData ON leagueData.id = matchData.league_id INNER JOIN Team AS teamInfo ON matchData.away_team_api_id = teamInfo.team_api_id WHERE leagueData.name = 'Scotland Premier League' AND matchData.season = '2009/2010' AND matchData.away_team_goal - matchData.home_team_goal > 0 GROUP BY matchData.away_team_api_id ORDER BY COUNT(*) DESC LIMIT 1,SELECT team.team_long_name FROM match JOIN league ON match.league_id = league.id JOIN team ON match.away_team_api_id = team.team_api_id WHERE league.name = 'Scotland Premier League' AND match.season = '2009/2010' AND match.away_team_goal > match.home_team_goal GROUP BY team.team_long_name ORDER BY COUNT(*) DESC LIMIT 1,0
"At present, calculate for the player's age who have a sprint speed of no less than 97 between 2013 to 2015.",challenging,"SELECT DISTINCT DATETIME() - T2.birthday age FROM Player_Attributes AS t1 INNER JOIN Player AS t2 ON t1.player_api_id = t2.player_api_id WHERE STRFTIME('%Y',t1.`date`) >= '2013' AND STRFTIME('%Y',t1.`date`) <= '2015' AND t1.sprint_speed >= 97","SELECT player_name, SUBTRACT((DATETIME()), birthday) AS age FROM player JOIN player_attributes ON player.player_api_id = player_attributes.player_api_id WHERE sprint_speed >= 97 AND YEAR(date) >= '2013' AND YEAR(date) <= '2015'",0
List the long name of teams with above-average build-up play passing in 2012.,challenging,"SELECT DISTINCT t4.team_long_name FROM Team_Attributes AS t3 INNER JOIN Team AS t4 ON t3.team_api_id = t4.team_api_id WHERE SUBSTR(t3.`date`, 1, 4) = '2012' AND t3.buildUpPlayPassing > ( SELECT CAST(SUM(t2.buildUpPlayPassing) AS REAL) / COUNT(t1.id) FROM Team AS t1 INNER JOIN Team_Attributes AS t2 ON t1.team_api_id = t2.team_api_id WHERE STRFTIME('%Y',t2.`date`) = '2012')","SELECT team_long_name FROM team JOIN team_attributes ON team.id = team_attributes.team_api_id WHERE strftime('%Y', date) = '2012' AND buildUpPlayPassing > (SELECT AVG(buildUpPlayPassing) FROM team_attributes WHERE buildUpPlayPassing IS NOT NULL)",0
"Calculate the percentage of players who prefer left foot, who were born between 1987 and 1992.",challenging,"SELECT CAST(COUNT(CASE WHEN t2.preferred_foot = 'left' THEN t1.id ELSE NULL END) AS REAL) * 100 / COUNT(t1.id) percent FROM Player AS t1 INNER JOIN Player_Attributes AS t2 ON t1.player_api_id = t2.player_api_id WHERE SUBSTR(t1.birthday, 1, 4) BETWEEN '1987' AND '1992'",SELECT (COUNT(player_attributes.player_fifa_api_id) * 100.0) / (SELECT COUNT(*) FROM player) AS percentage FROM player JOIN player_attributes ON player.player_fifa_api_id = player_attributes.player_fifa_api_id WHERE YEAR(player.birthday) BETWEEN 1987 AND 1992 AND player_attributes.preferred_foot = 'left',0
"For the teams with normal build-up play dribbling class in 2014, List the names of the teams with less than average chance creation passing, in descending order of chance creation passing.",challenging,"SELECT t3.team_long_name FROM Team AS t3 INNER JOIN Team_Attributes AS t4 ON t3.team_api_id = t4.team_api_id WHERE t4.buildUpPlayDribblingClass = 'Normal' AND t4.chanceCreationPassing < ( SELECT CAST(SUM(t2.chanceCreationPassing) AS REAL) / COUNT(t1.id) FROM Team AS t1 INNER JOIN Team_Attributes AS t2 ON t1.team_api_id = t2.team_api_id WHERE t2.buildUpPlayDribblingClass = 'Normal' AND SUBSTR(t2.`date`, 1, 4) = '2014') ORDER BY t4.chanceCreationPassing DESC","SELECT team.team_long_name, team_attributes.chanceCreationPassing FROM team JOIN team_attributes ON team.team_fifa_api_id = team_attributes.team_fifa_api_id WHERE team_attributes.buildUpPlayDribblingClass = 'Normal' AND team_attributes.date >= '2014-01-01 00:00:00' AND team_attributes.date <= '2014-12-31 23:59:59' GROUP BY team.team_long_name HAVING DIVIDE(SUM(team_attributes.chanceCreationPassing), COUNT(team_attributes.id)) > AVG(team_attributes.chanceCreationPassing) ORDER BY team_attributes.chanceCreationPassing DESC",0
List the name of leagues in which the average goals by the home team is higher than the away team in the 2009/2010 season.,challenging,SELECT t1.name FROM League AS t1 INNER JOIN Match AS t2 ON t1.id = t2.league_id WHERE t2.season = '2009/2010' GROUP BY t1.name HAVING (CAST(SUM(t2.home_team_goal) AS REAL) / COUNT(DISTINCT t2.id)) - (CAST(SUM(t2.away_team_goal) AS REAL) / COUNT(DISTINCT t2.id)) > 0,SELECT league.name FROM league JOIN match ON league.id = match.league_id WHERE match.season = '2009/2010' GROUP BY league.id HAVING AVG(home_team_goal) > AVG(away_team_goal),1
Who has the highest average finishing rate between the highest and shortest football player?,challenging,"SELECT A FROM ( SELECT AVG(finishing) result, 'Max' A FROM Player AS T1 INNER JOIN Player_Attributes AS T2 ON T1.player_api_id = T2.player_api_id WHERE T1.height = ( SELECT MAX(height) FROM Player ) UNION SELECT AVG(finishing) result, 'Min' A FROM Player AS T1 INNER JOIN Player_Attributes AS T2 ON T1.player_api_id = T2.player_api_id WHERE T1.height = ( SELECT MIN(height) FROM Player ) ) ORDER BY result DESC LIMIT 1","SELECT p.player_name, AVG(pa.finishing) AS avg_finishing FROM player p JOIN player_attributes pa ON p.player_api_id = pa.player_api_id WHERE p.height IN (SELECT MAX(height) FROM player) OR p.height IN (SELECT MIN(height) FROM player) GROUP BY p.player_name ORDER BY avg_finishing DESC LIMIT 1",0
"List the football team that has a build up play speed of 31, build up plan dribbling of 53, and build up play passing of 32. Only indicate the short name of the team.",challenging,SELECT DISTINCT t1.team_short_name FROM Team AS t1 INNER JOIN Team_Attributes AS t2 ON t1.team_api_id = t2.team_api_id WHERE t2.buildUpPlaySpeed = 31 AND t2.buildUpPlayDribbling = 53 AND t2.buildUpPlayPassing = 32,SELECT team.team_short_name FROM team JOIN team_attributes ON team.team_api_id = team_attributes.team_api_id WHERE team_attributes.buildupplayspeed = 31 AND team_attributes.buildupplaydribbling = 53 AND team_attributes.buildupplaypassing = 32,1
"What is the difference of the average ball control score between Abdou Diallo and Aaron Appindangoye
?",challenging,SELECT CAST(SUM(CASE WHEN t1.player_name = 'Abdou Diallo' THEN t2.ball_control ELSE 0 END) AS REAL) / COUNT(CASE WHEN t1.player_name = 'Abdou Diallo' THEN t2.id ELSE NULL END) - CAST(SUM(CASE WHEN t1.player_name = 'Aaron Appindangoye' THEN t2.ball_control ELSE 0 END) AS REAL) / COUNT(CASE WHEN t1.player_name = 'Aaron Appindangoye' THEN t2.id ELSE NULL END) FROM Player AS t1 INNER JOIN Player_Attributes AS t2 ON t1.player_api_id = t2.player_api_id,SELECT (SELECT AVG(ball_control) FROM player_attributes JOIN player ON player_attributes.player_api_id = player.id WHERE player.player_name = 'Abdou Diallo') - (SELECT AVG(ball_control) FROM player_attributes JOIN player ON player_attributes.player_api_id = player.id WHERE player.player_name = 'Aaron Appindangoye') AS difference_in_ball_control,0
"Among the players born before the year 1986, how many of them would remain in his position and defense while the team attacked?",challenging,"SELECT COUNT(DISTINCT t1.player_name) FROM Player AS t1 INNER JOIN Player_Attributes AS t2 ON t1.player_api_id = t2.player_api_id WHERE STRFTIME('%Y',t1.birthday) < '1986' AND t2.defensive_work_rate = 'high'","SELECT COUNT(DISTINCT player.id) FROM player JOIN player_attributes ON player.player_api_id = player_attributes.player_api_id WHERE strftime('%Y', player.birthday) < '1986' AND player_attributes.defensive_work_rate = 'high'",1
How much higher in percentage is Ariel Borysiuk's overall rating than that of Paulin Puel?,challenging,SELECT (SUM(CASE WHEN t1.player_name = 'Ariel Borysiuk' THEN t2.overall_rating ELSE 0 END) * 1.0 - SUM(CASE WHEN t1.player_name = 'Paulin Puel' THEN t2.overall_rating ELSE 0 END)) * 100 / SUM(CASE WHEN t1.player_name = 'Paulin Puel' THEN t2.overall_rating ELSE 0 END) FROM Player AS t1 INNER JOIN Player_Attributes AS t2 ON t1.player_api_id = t2.player_api_id,SELECT ( ( ( (SELECT overall_rating FROM player_attributes JOIN player ON player_attributes.player_api_id = player.id WHERE player.player_name = 'Ariel Borysiuk') - (SELECT overall_rating FROM player_attributes JOIN player ON player_attributes.player_api_id = player.id WHERE player.player_name = 'Paulin Puel') ) / (SELECT overall_rating FROM player_attributes JOIN player ON player_attributes.player_api_id = player.id WHERE player.player_name = 'Paulin Puel') ) * 100 ) AS percentage_difference,0
What was the average overall rating for Marko Arnautovic from 2007/2/22 to 2016/4/21?,challenging,"SELECT CAST(SUM(t2.overall_rating) AS REAL) / COUNT(t2.id) FROM Player AS t1 INNER JOIN Player_Attributes AS t2 ON t1.player_fifa_api_id = t2.player_fifa_api_id WHERE t1.player_name = 'Marko Arnautovic' AND SUBSTR(t2.`date`, 1, 10) BETWEEN '2007-02-22' AND '2016-04-21'",SELECT AVG(overall_rating) FROM player JOIN player_attributes ON player.id = player_attributes.player_api_id WHERE player.player_name = 'Marko Arnautovic' AND player_attributes.date BETWEEN '2007-02-22' AND '2016-04-21',0
What percentage is Landon Donovan's overall rating higher than Jordan Bowery on 2013/7/12?,challenging,"SELECT (SUM(CASE WHEN t1.player_name = 'Landon Donovan' THEN t2.overall_rating ELSE 0 END) * 1.0 - SUM(CASE WHEN t1.player_name = 'Jordan Bowery' THEN t2.overall_rating ELSE 0 END)) * 100 / SUM(CASE WHEN t1.player_name = 'Landon Donovan' THEN t2.overall_rating ELSE 0 END) LvsJ_percent FROM Player AS t1 INNER JOIN Player_Attributes AS t2 ON t1.player_fifa_api_id = t2.player_fifa_api_id WHERE SUBSTR(t2.`date`, 1, 10) = '2013-07-12'",SELECT ( ( SELECT overall_rating FROM player_attributes JOIN player ON player_attributes.player_api_id = player.player_api_id WHERE player.player_name = 'Landon Donovan' AND player_attributes.date = '2013-07-12' ) - ( SELECT overall_rating FROM player_attributes JOIN player ON player_attributes.player_api_id = player.player_api_id WHERE player.player_name = 'Jordan Bowery' AND player_attributes.date = '2013-07-12' ) ) / ( SELECT overall_rating FROM player_attributes JOIN player ON player_attributes.player_api_id = player.player_api_id WHERE player.player_name = 'Landon Donovan' AND player_attributes.date = '2013-07-12' ) * 100 AS percentage_difference,0
"What was the final score for the match on September 24, 2008, in the Belgian Jupiler League between the home team and the away team?",challenging,"SELECT t2.home_team_goal, t2.away_team_goal FROM League AS t1 INNER JOIN Match AS t2 ON t1.id = t2.league_id WHERE t1.name = 'Belgium Jupiler League' AND t2.`date` LIKE '2008-09-24%'","SELECT home_team_goal, away_team_goal FROM match JOIN league ON match.league_id = league.id WHERE date LIKE '2008-09-24%' AND league.name = 'Belgium Jupiler League'",1
"For in-patient age 50 and above, what is their average anti-cardiolipin antibody (IgG) concentration?",challenging,"SELECT AVG(T2.`aCL IgG`) FROM Patient AS T1 INNER JOIN Examination AS T2 ON T1.ID = T2.ID WHERE STRFTIME('%Y', CURRENT_TIMESTAMP) - STRFTIME('%Y', T1.Birthday) >= 50 AND T1.Admission = '+'","SELECT AVG(""acl igg"") FROM examination JOIN patient ON examination.id = patient.id JOIN laboratory ON examination.id = laboratory.id WHERE patient.admission = '+' AND SUBTRACT(year(current_timestamp), year(patient.birthday)) >= 50",0
"The oldest SJS patient's medical laboratory work was completed on what date, and what age was the patient when they initially arrived at the hospital?",challenging,"SELECT T1.Date, STRFTIME('%Y', T2.`First Date`) - STRFTIME('%Y', T2.Birthday),T2.Birthday FROM Laboratory AS T1 INNER JOIN Patient AS T2 ON T1.ID = T2.ID WHERE T2.Diagnosis = 'SJS' AND T2.Birthday IS NOT NULL ORDER BY T2.Birthday ASC LIMIT 1","SELECT laboratory.date, SUBTRACT(year(patient.first_date), year(patient.birthday)) AS age_at_admission FROM examination JOIN patient ON examination.id = patient.id JOIN laboratory ON examination.id = laboratory.id WHERE patient.diagnosis = 'SJS' AND examination.diagnosis = 'SJS' ORDER BY patient.birthday ASC LIMIT 1",0
What is the ratio of male to female patients among all those with abnormal uric acid counts?,challenging,SELECT CAST(SUM(CASE WHEN T2.UA <= 8.0 AND T1.SEX = 'M' THEN 1 ELSE 0 END) AS REAL) / SUM(CASE WHEN T2.UA <= 6.5 AND T1.SEX = 'F' THEN 1 ELSE 0 END) FROM Patient AS T1 INNER JOIN Laboratory AS T2 ON T1.ID = T2.ID,"SELECT DIVIDE( (SELECT COUNT(*) FROM patient WHERE sex = 'M' AND id IN (SELECT id FROM laboratory WHERE ua <= '8.0')), (SELECT COUNT(*) FROM patient WHERE sex = 'F' AND id IN (SELECT id FROM laboratory WHERE ua <= '6.5')) ) AS male_to_female_ratio",0
How many underage patients were examined during the course of the three-year period from 1990 to 1993?,challenging,"SELECT COUNT(T1.ID) FROM Patient AS T1 INNER JOIN Examination AS T2 ON T1.ID = T2.ID WHERE STRFTIME('%Y', T2.`Examination Date`) BETWEEN '1990' AND '1993' AND STRFTIME('%Y', T2.`Examination Date`) - STRFTIME('%Y', T1.Birthday) < 18",SELECT COUNT(DISTINCT patient.id) FROM examination JOIN patient ON examination.id = patient.id WHERE examination.examination_date BETWEEN '1990-01-01' AND '1993-12-31' AND year(patient.birthday) < 18,0
"What is the most common illness that doctors identified among the patients whose lab work was done between 1/1/1985, and 12/31/1995?",challenging,SELECT T2.Diagnosis FROM Examination AS T1 INNER JOIN Patient AS T2 ON T1.ID = T2.ID WHERE T1.`Examination Date` BETWEEN '1985-01-01' AND '1995-12-31' GROUP BY T2.Diagnosis ORDER BY COUNT(T2.Diagnosis) DESC LIMIT 1,"SELECT diagnosis, COUNT(diagnosis) as count FROM examination JOIN patient ON examination.id = patient.id WHERE examination_date BETWEEN '1985-01-01' AND '1995-12-31' GROUP BY diagnosis ORDER BY count DESC LIMIT 1",0
"For the patient who was diagnosed SLE on 1997/1/27, what was his/her original diagnose when he/she came to the hospital for the first time?",challenging,SELECT T1.Diagnosis FROM Patient AS T1 INNER JOIN Examination AS T2 ON T1.ID = T2.ID WHERE T1.ID = ( SELECT ID FROM Examination WHERE `Examination Date` = '1997-01-27' AND Diagnosis = 'SLE' ) AND T2.`Examination Date` = T1.`First Date`,SELECT patient.diagnosis FROM examination JOIN patient ON examination.diagnosis = patient.diagnosis WHERE examination.diagnosis = 'SLE' AND examination.examination date = '1997-01-27' AND patient.first date = examination.examination date,0
"For the patient who was born on 1959/2/18, what is the decrease rate for his/her total cholesterol from November to December in 1981?",challenging,SELECT CAST((SUM(CASE WHEN T2.Date LIKE '1981-11-%' THEN T2.`T-CHO` ELSE 0 END) - SUM(CASE WHEN T2.Date LIKE '1981-12-%' THEN T2.`T-CHO` ELSE 0 END)) AS REAL) / SUM(CASE WHEN T2.Date LIKE '1981-12-%' THEN T2.`T-CHO` ELSE 0 END) FROM Patient AS T1 INNER JOIN Laboratory AS T2 ON T1.ID = T2.ID WHERE T1.Birthday = '1959-02-18',SELECT (SUM(CASE WHEN laboratory.date LIKE '1981-11-%' THEN laboratory.t-cho ELSE 0 END) - SUM(CASE WHEN laboratory.date LIKE '1981-12-%' THEN laboratory.t-cho ELSE 0 END)) / SUM(CASE WHEN laboratory.date LIKE '1981-11-%' THEN laboratory.t-cho ELSE 0 END) AS decrease_rate FROM patient WHERE patient.birthday = '1959-02-18',0
"What number of patients with a degree of thrombosis level 2 and ANA pattern of only S, have a level of anti-Cardiolip in antibody (IgM) 20% higher than average?",challenging,SELECT COUNT(*) FROM Examination WHERE Thrombosis = 2 AND `ANA Pattern` = 'S' AND `aCL IgM` > (SELECT AVG(`aCL IgM`) * 1.2 FROM Examination WHERE Thrombosis = 2 AND `ANA Pattern` = 'S'),SELECT COUNT(DISTINCT patient.id) FROM examination JOIN patient ON examination.id = patient.id JOIN laboratory ON examination.id = laboratory.id WHERE examination.thrombosis = 2 AND examination.ana = 'S' AND laboratory.aCL IgM > (SELECT AVG(aCL IgM) FROM laboratory) * 1.2,0
What percentage of patients with a proteinuria level within the normal range have a uric acid level below the normal range?,challenging,SELECT CAST(SUM(CASE WHEN UA <= 6.5 THEN 1 ELSE 0 END) AS REAL) * 100 / COUNT(ID) FROM Laboratory WHERE `U-PRO` > 0 AND `U-PRO` < 30,SELECT ( SELECT COUNT(DISTINCT patient.id) FROM patient JOIN examination ON patient.id = examination.id JOIN laboratory ON examination.id = laboratory.id WHERE UA <= 6.5 AND U-PRO > 0 AND U-PRO < 30 ) / ( SELECT COUNT(DISTINCT patient.id) FROM patient JOIN examination ON patient.id = examination.id JOIN laboratory ON examination.id = laboratory.id WHERE U-PRO > 0 AND U-PRO < 30 ) * 100 AS percentage,0
What percentage of male patients who first presented to the hospital in 1981 were diagnosed with BEHCET?,challenging,"SELECT CAST(SUM(CASE WHEN Diagnosis = 'BEHCET' THEN 1 ELSE 0 END) AS REAL) * 100 / COUNT(ID) FROM Patient WHERE STRFTIME('%Y', `First Date`) = '1981' AND SEX = 'M'",SELECT ( CAST(COUNT(examination.diagnosis) AS FLOAT) / (SELECT COUNT(*) FROM patient WHERE YEAR(first_date) = 1981 AND sex = 'M') * 100 ) AS percentage FROM examination JOIN patient ON examination.id = patient.id WHERE YEAR(patient.first_date) = 1981 AND patient.sex = 'M' AND examination.diagnosis = 'BEHCET',0
List all patients who were followed up at the outpatient clinic who underwent a laboratory test in October 1991 and had a total blood bilirubin level within the normal range.,challenging,SELECT DISTINCT T1.ID FROM Patient AS T1 INNER JOIN Laboratory AS T2 ON T1.ID = T2.ID WHERE T1.Admission = '-' AND T2.`T-BIL` < 2.0 AND T2.Date LIKE '1991-10-%',"SELECT patient.id, patient.sex, patient.birthday, patient.description FROM patient JOIN laboratory ON patient.id = laboratory.id WHERE patient.admission = '-' AND laboratory.date LIKE '1991-10%' AND laboratory.t-bil < 2.0",0
"What sex is the patient who in a medical examination was diagnosed with PSS and in a laboratory examination had a blood level of C-reactive protein de 2+, createnine 1 and LDH 123?",challenging,SELECT T1.SEX FROM Patient AS T1 INNER JOIN Examination AS T2 ON T1.ID = T2.ID INNER JOIN Laboratory AS T3 ON T3.ID = T2.ID WHERE T2.Diagnosis = 'PSS' AND T3.CRP = '2+' AND T3.CRE = 1.0 AND T3.LDH = 123,SELECT patient.sex FROM examination JOIN patient ON examination.id = patient.id JOIN laboratory ON examination.id = laboratory.id WHERE examination.diagnosis = 'PSS' AND laboratory.crp > 2 AND laboratory.cre = 1 AND laboratory.ldh = 123,1
How many male patients who underwent testing between 1995 and 1997 and were subsequently diagnosed with Behcet disease did not stay in the hospital for treatment?,challenging,"SELECT COUNT(T1.ID) FROM Patient AS T1 INNER JOIN Examination AS T2 ON T1.ID = T2.ID WHERE T2.Diagnosis = 'Behcet' AND T1.SEX = 'M' AND STRFTIME('%Y', T2.`Examination Date`) BETWEEN '1995' AND '1997' AND T1.Admission = '-'",SELECT COUNT(*) FROM examination JOIN patient ON examination.id = patient.id WHERE patient.sex = 'M' AND examination.examination_date BETWEEN '1995' AND '1997' AND patient.diagnosis = 'Behcet' AND patient.admission = '-',0
Are there more male patients with creatinine not within the normal range than female? True or False?,challenging,SELECT CASE WHEN SUM(CASE WHEN T1.SEX = 'M' THEN 1 ELSE 0 END) > SUM(CASE WHEN T1.SEX = 'F' THEN 1 ELSE 0 END) THEN 'True' ELSE 'False' END FROM Patient AS T1 INNER JOIN Laboratory AS T2 ON T1.ID = T2.ID WHERE T2.CRE >= 1.5,SELECT (SUM(CASE WHEN sex = 'M' THEN 1 ELSE 0 END) > SUM(CASE WHEN sex = 'F' THEN 1 ELSE 0 END)) AS more_male_than_female FROM patient JOIN laboratory ON patient.id = laboratory.id WHERE cre >= 1.5,0
"For patient born between 1936-1956, how many male patients have creatinine phosphokinase beyond the normal range?",challenging,"SELECT COUNT(DISTINCT T1.ID) FROM Patient AS T1 INNER JOIN Laboratory AS T2 ON T1.ID = T2.ID WHERE STRFTIME('%Y', T1.Birthday) BETWEEN '1936' AND '1956' AND T1.SEX = 'M' AND T2.CPK >= 250",SELECT COUNT(DISTINCT patient.id) FROM patient JOIN laboratory ON patient.id = laboratory.id WHERE patient.birthday BETWEEN '1936-01-01' AND '1956-12-31' AND patient.sex = 'M' AND laboratory.cpk >= 250,1
"Provide ID, sex and age of patient who has blood glucose (GLU) not within normal range but with total cholesterol(T-CHO) within normal range.",challenging,"SELECT DISTINCT T1.ID, T1.SEX , STRFTIME('%Y', CURRENT_TIMESTAMP) - STRFTIME('%Y', T1.Birthday) FROM Patient AS T1 INNER JOIN Laboratory AS T2 ON T1.ID = T2.ID WHERE T2.GLU >= 180 AND T2.`T-CHO` < 250","SELECT patient.id, patient.sex, SUBTRACT(year(current_timestamp), year(patient.birthday)) AS age FROM patient JOIN laboratory ON patient.id = laboratory.id WHERE laboratory.glu >= 180 AND laboratory.t_cho < 250",0
"For all the female patient age 50 and above, who has abnormal red blood cell count. State if they were admitted to hospital.",challenging,"SELECT DISTINCT T1.ID, T1.Admission FROM Patient AS T1 INNER JOIN Laboratory AS T2 ON T1.ID = T2.ID WHERE T1.SEX = 'F' AND (T2.RBC <= 3.5 OR T2.RBC >= 6.0) AND STRFTIME('%Y', CURRENT_TIMESTAMP) - STRFTIME('%Y', T1.Birthday) >= 50","SELECT p.Admission FROM patient p JOIN examination e ON p.id = e.id JOIN laboratory l ON e.id = l.id WHERE p.Sex = 'F' AND SUBTRACT(year(current_timestamp), year(p.Birthday)) >= 50 AND (l.RBC <= 3.5 OR l.RBC >= 6.0)",0
Name the ID and age of patient with two or more laboratory examinations which show their hematoclit level exceeded the normal range.,challenging,"SELECT DISTINCT T1.ID, STRFTIME('%Y', CURRENT_TIMESTAMP) - STRFTIME('%Y', T1.Birthday) FROM Patient AS T1 INNER JOIN Laboratory AS T2 ON T1.ID = T2.ID WHERE T1.ID IN ( SELECT ID FROM Laboratory WHERE HCT >= 52 GROUP BY ID HAVING COUNT(ID) >= 2 )","SELECT patient.id, SUBTRACT(year(current_timestamp), year(patient.birthday)) AS age FROM patient JOIN laboratory ON patient.id = laboratory.id GROUP BY patient.id HAVING COUNT(laboratory.id) > 2 AND MAX(laboratory.hct) >= 52",0
"For patients with abnormal platelet level, state the number of patients with lower than normal range. How is it compare to the number of patients with higher than normal range?",challenging,SELECT SUM(CASE WHEN T2.PLT <= 100 THEN 1 ELSE 0 END) - SUM(CASE WHEN T2.PLT >= 400 THEN 1 ELSE 0 END) FROM Patient AS T1 INNER JOIN Laboratory AS T2 ON T1.ID = T2.ID,"SELECT SUM(CASE WHEN PLT < 100 THEN 1 ELSE 0 END) AS lower_than_normal, SUM(CASE WHEN PLT > 400 THEN 1 ELSE 0 END) AS higher_than_normal FROM patient JOIN laboratory ON patient.id = laboratory.id WHERE PLT <= 100 OR PLT >= 400",0
"For laboratory examinations take in 1984, list all patients below 50 years old with normal platelet level.",challenging,"SELECT DISTINCT T1.ID FROM Patient AS T1 INNER JOIN Laboratory AS T2 ON T1.ID = T2.ID WHERE T2.PLT BETWEEN 100 AND 400 AND STRFTIME('%Y', T2.Date) - STRFTIME('%Y', T1.Birthday) < 50 AND STRFTIME('%Y', T2.Date) = '1984'","SELECT patient.id, patient.sex, patient.birthday FROM examination JOIN patient ON examination.id = patient.id JOIN laboratory ON examination.id = laboratory.id WHERE YEAR(laboratory.date) = 1984 AND SUBTRACT(year(current_timestamp), year(patient.birthday)) < 50 AND laboratory.plt BETWEEN 100 AND 400",0
"For all patients who are older than 55 years old, what is the percentage of female who has abnormal prothrombin time (PT)?",challenging,"SELECT CAST(SUM(CASE WHEN T2.PT >= 14 AND T1.SEX = 'F' THEN 1 ELSE 0 END) AS REAL) * 100 / COUNT(*) FROM Patient AS T1 INNER JOIN Laboratory AS T2 ON T1.ID = T2.ID WHERE STRFTIME('%Y', CURRENT_TIMESTAMP) - STRFTIME('%Y', T1.Birthday) > 55","SELECT (DIVIDE(SUM(CASE WHEN pt >= 14 AND sex = 'F' THEN 1 ELSE 0 END), SUM(CASE WHEN pt >= 14 THEN 1 ELSE 0 END)) * 100) AS percentage FROM patient JOIN examination ON patient.id = examination.patient_id JOIN laboratory ON patient.id = laboratory.patient_id WHERE SUBTRACT(year(current_timestamp), year(Birthday)) > 55",0
"Among the male patients who have a normal level of white blood cells, how many of them have an abnormal fibrinogen level?",challenging,SELECT COUNT(DISTINCT T1.ID) FROM Patient AS T1 INNER JOIN Laboratory AS T2 ON T1.ID = T2.ID WHERE T2.FG <= 150 OR T2.FG >= 450 AND T2.WBC > 3.5 AND T2.WBC < 9.0 AND T1.SEX = 'M',SELECT COUNT(*) FROM patient JOIN laboratory ON patient.id = laboratory.id WHERE patient.sex = 'M' AND laboratory.wbc > 3.5 AND laboratory.wbc < 9.0 AND (laboratory.fg <= 150 OR laboratory.fg >= 450),0
"Among the patients whose creatinine level is abnormal, how many of them aren't 70 yet?",challenging,"SELECT COUNT(DISTINCT T1.ID) FROM Patient AS T1 INNER JOIN Laboratory AS T2 ON T1.ID = T2.ID WHERE T2.CRE >= 1.5 AND STRFTIME('%Y', Date('now')) - STRFTIME('%Y', T1.Birthday) < 70","SELECT COUNT(DISTINCT patient.id) FROM patient JOIN laboratory ON patient.id = laboratory.id WHERE CRE >= 1.5 AND SUBTRACT((YEAR(CURDATE()), YEAR(Birthday))) < 70",0
"Among the patients who has a normal anti-scl70, how many of them are female and does not have any symptom?",challenging,SELECT COUNT(DISTINCT T1.ID) FROM Patient AS T1 INNER JOIN Laboratory AS T2 ON T1.ID = T2.ID INNER JOIN Examination AS T3 ON T3.ID = T2.ID WHERE (T2.SC170 = 'negative' OR T2.SC170 = '0') AND T1.SEX = 'F' AND T3.Symptoms IS NULL,"SELECT COUNT(DISTINCT patient.id) FROM examination JOIN patient ON examination.id = patient.id JOIN laboratory ON examination.id = laboratory.id WHERE sc170 IN('negative', '0') AND Sex = 'F' AND symptoms IS NULL",1
What is the anti Cardiolipin antibody concentration of the female patient with the highest uric acid level in the normal range?,challenging,"SELECT T3.`aCL IgG`, T3.`aCL IgM`, T3.`aCL IgA` FROM Patient AS T1 INNER JOIN Laboratory AS T2 ON T1.ID = T2.ID INNER JOIN Examination AS T3 ON T3.ID = T2.ID WHERE T1.SEX = 'F' AND T2.UA > 6.5 ORDER BY T2.UA DESC LIMIT 1","SELECT examination.acl_igg, examination.acl_igm, examination.acl_iga FROM patient JOIN laboratory ON patient.id = laboratory.id JOIN examination ON patient.id = examination.id WHERE patient.sex = 'F' ORDER BY laboratory.ua DESC LIMIT 1",0
"Among the patients whose total bilirubin is over the normal range, how many of them have a peripheral pattern observed in the sheet of ANA examination?",challenging,SELECT COUNT(T1.ID) FROM Patient AS T1 INNER JOIN Laboratory AS T2 ON T1.ID = T2.ID INNER JOIN Examination AS T3 ON T1.ID = T3.ID WHERE T2.`T-BIL` >= 2 AND T3.`ANA Pattern` LIKE '%P%',SELECT COUNT(DISTINCT patient.id) FROM examination JOIN laboratory ON examination.id = laboratory.id JOIN patient ON examination.id = patient.id WHERE laboratory.T-BIL >= 2.0 AND examination.ANA_Pattern LIKE '%P%',0
"For the patients with a normal range of creatinine phosphokinase, how many of them have a positive measure of degree of coagulation?",challenging,SELECT COUNT(T1.ID) FROM Patient AS T1 INNER JOIN Laboratory AS T2 ON T1.ID = T2.ID INNER JOIN Examination AS T3 ON T1.ID = T3.ID WHERE T2.CPK < 250 AND (T3.KCT = '+' OR T3.RVVT = '+' OR T3.LAC = '+'),SELECT COUNT(DISTINCT patient.id) FROM patient JOIN laboratory ON patient.id = laboratory.id JOIN examination ON patient.id = examination.id WHERE laboratory.cpk < 250 AND (examination.kct = '+' OR examination.rvvt = '+' OR examination.lac = '+'),0
Please list the patient's ID if he or she has an abnormal level of red blood cell and is followed at the outpatient clinic.,challenging,SELECT DISTINCT T1.ID FROM Patient AS T1 INNER JOIN Laboratory AS T2 ON T1.ID = T2.ID WHERE (T2.RBC <= 3.5 OR T2.RBC >= 6) AND T1.Admission = '-',SELECT patient.id FROM patient JOIN laboratory ON patient.id = laboratory.id WHERE (laboratory.rbc <= 3.5 OR laboratory.rbc >= 6.0) AND patient.admission = '-',1
Calculate the total average cost that Elijah Allen spent in the events on September and October.,challenging,"SELECT AVG(T2.cost) FROM member AS T1 INNER JOIN expense AS T2 ON T1.member_id = T2.link_to_member WHERE T1.last_name = 'Allen' AND T1.first_name = 'Elijah' AND (SUBSTR(T2.expense_date, 6, 2) = '09' OR SUBSTR(T2.expense_date, 6, 2) = '10')","SELECT AVG(cost) FROM expense JOIN member ON expense.link_to_member = member.member_id JOIN event ON expense.link_to_event = event.event_id WHERE member.first_name = 'Elijah' AND member.last_name = 'Allen' AND (strftime('%m', expense.expense_date) = '09' OR strftime('%m', expense.expense_date) = '10')",0
"How many times was the budget in Advertisement for ""Yearly Kickoff"" meeting more than ""October Meeting""?",challenging,SELECT CAST(SUM(CASE WHEN T2.event_name = 'Yearly Kickoff' THEN T1.amount ELSE 0 END) AS REAL) / SUM(CASE WHEN T2.event_name = 'October Meeting' THEN T1.amount ELSE 0 END) FROM budget AS T1 INNER JOIN event AS T2 ON T1.link_to_event = T2.event_id WHERE T1.category = 'Advertisement' AND T2.type = 'Meeting',"SELECT COUNT(*) FROM budget JOIN event ON budget.link_to_event = event.event_id WHERE budget.category = 'Advertisement' AND event.event_name IN ('Yearly Kickoff', 'October Meeting') GROUP BY budget.link_to_event HAVING SUM(CASE WHEN event.event_name = 'Yearly Kickoff' THEN budget.amount ELSE 0 END) > SUM(CASE WHEN event.event_name = 'October Meeting' THEN budget.amount ELSE 0 END)",0
What is the name of the social event that was attended by the vice president of the Student_Club located at 900 E. Washington St.?,challenging,SELECT T2.event_name FROM attendance AS T1 INNER JOIN event AS T2 ON T2.event_id = T1.link_to_event INNER JOIN member AS T3 ON T1.link_to_member = T3.member_id WHERE T3.position = 'Vice President' AND T2.location = '900 E. Washington St.' AND T2.type = 'Social',SELECT event.event_name FROM event JOIN attendance ON event.event_id = attendance.link_to_event JOIN member ON attendance.link_to_member = member.member_id JOIN zip_code ON member.zip = zip_code.zip_code WHERE event.type = 'Social' AND member.position = 'Vice President' AND zip_code.zip_code = '900 E. Washington St.',0
Which members who were approved from 1/10/2019 to 11/19/2019? Please identify the member who attended the event and the link to their event.,challenging,"SELECT DISTINCT T1.link_to_member, T3.link_to_event FROM expense AS T1 INNER JOIN member AS T2 ON T1.link_to_member = T2.member_id INNER JOIN attendance AS T3 ON T2.member_id = T3.link_to_member WHERE date(SUBSTR(T1.expense_date, 1, 10)) BETWEEN '2019-01-10' AND '2019-11-19' AND T1.approved = 'true'","SELECT member.first_name, member.last_name, event.event_id FROM member JOIN expense ON member.member_id = expense.link_to_member JOIN attendance ON member.member_id = attendance.link_to_member JOIN event ON attendance.link_to_event = event.event_id WHERE expense.approved = 'true' AND expense.expense_date BETWEEN '2019-01-10' AND '2019-11-19'",0
Find the name and date of events with expenses for pizza that were more than fifty dollars but less than a hundred dollars.,challenging,"SELECT T1.event_name, T1.event_date FROM event AS T1 INNER JOIN budget AS T2 ON T1.event_id = T2.link_to_event INNER JOIN expense AS T3 ON T2.budget_id = T3.link_to_budget WHERE T3.expense_description = 'Pizza' AND T3.cost > 50 AND T3.cost < 100","SELECT event_name, event_date FROM event JOIN expense ON event.event_id = expense.link_to_event WHERE expense_description = 'Pizza' AND cost > 50 AND cost < 100",0
"Among the members who incurred expenses in more than one event, who paid the most amount?",challenging,SELECT T2.member_id FROM expense AS T1 INNER JOIN member AS T2 ON T1.link_to_member = T2.member_id INNER JOIN budget AS T3 ON T1.link_to_budget = T3.budget_id INNER JOIN event AS T4 ON T3.link_to_event = T4.event_id GROUP BY T2.member_id HAVING COUNT(DISTINCT T4.event_id) > 1 ORDER BY SUM(T1.cost) DESC LIMIT 1,"SELECT m.first_name, m.last_name, MAX(e.cost) AS max_expense FROM member m JOIN expense e ON m.member_id = e.link_to_member JOIN event ev ON e.link_to_event = ev.event_id GROUP BY m.member_id HAVING COUNT(DISTINCT ev.event_id) > 1 ORDER BY max_expense DESC LIMIT 1",0
Give the full name and contact number of members who had to spend more than average on each expense.,challenging,"SELECT DISTINCT T3.first_name, T3.last_name, T3.phone FROM expense AS T1 INNER JOIN budget AS T2 ON T1.link_to_budget = T2.budget_id INNER JOIN member AS T3 ON T3.member_id = T1.link_to_member WHERE T1.cost > ( SELECT AVG(T1.cost) FROM expense AS T1 INNER JOIN budget AS T2 ON T1.link_to_budget = T2.budget_id INNER JOIN member AS T3 ON T3.member_id = T1.link_to_member )","SELECT first_name, last_name, phone FROM member JOIN expense ON member.member_id = expense.link_to_member GROUP BY member.member_id HAVING AVG(cost) < (SELECT AVG(cost) FROM expense)",0
"Write the full name of the member who spent money for water, veggie tray and supplies and include the cost of it.",challenging,"SELECT T2.first_name, T2.last_name, T1.cost FROM expense AS T1 INNER JOIN member AS T2 ON T1.link_to_member = T2.member_id WHERE T1.expense_description = 'Water, Veggie tray, supplies'","SELECT first_name, last_name, cost FROM member JOIN expense ON member.member_id = expense.link_to_member WHERE expense_description = 'Water, Veggie tray, supplies'",1
Write the full names of students who received funds on the date of 9/9/2019 and include the amount received.,challenging,"SELECT DISTINCT T3.first_name, T3.last_name, T4.amount FROM event AS T1 INNER JOIN attendance AS T2 ON T1.event_id = T2.link_to_event INNER JOIN member AS T3 ON T3.member_id = T2.link_to_member INNER JOIN income AS T4 ON T4.link_to_member = T3.member_id WHERE T4.date_received = '2019-09-09'","SELECT first_name, last_name, amount FROM member JOIN income ON member.member_id = income.link_to_member WHERE date_received = '2019-09-09'",1
What was the difference in gas consumption between CZK-paying customers and EUR-paying customers in 2012?,challenging,"SELECT SUM(IIF(T1.Currency = 'CZK', T2.Consumption, 0)) - SUM(IIF(T1.Currency = 'EUR', T2.Consumption, 0)) FROM customers AS T1 INNER JOIN yearmonth AS T2 ON T1.CustomerID = T2.CustomerID WHERE SUBSTR(T2.Date, 1, 4) = '2012'","SELECT SUM(CASE WHEN customers.currency = 'CZK' THEN amount ELSE 0 END) - SUM(CASE WHEN customers.currency = 'EUR' THEN amount ELSE 0 END) AS difference_in_consumption FROM transactions_1k JOIN customers ON transactions_1k.customerid = customers.customerid JOIN yearmonth ON transactions_1k.customerid = yearmonth.customerid WHERE SUBSTR(yearmonth.date, 1, 4) = '2012'",0
"What is the difference in the annual average consumption of the customers with the least amount of consumption paid in CZK for 2013 between SME and LAM, LAM and KAM, and KAM and SME?",challenging,"SELECT CAST(SUM(IIF(T1.Segment = 'SME', T2.Consumption, 0)) AS REAL) / COUNT(T1.CustomerID) - CAST(SUM(IIF(T1.Segment = 'LAM', T2.Consumption, 0)) AS REAL) / COUNT(T1.CustomerID) , CAST(SUM(IIF(T1.Segment = 'LAM', T2.Consumption, 0)) AS REAL) / COUNT(T1.CustomerID) - CAST(SUM(IIF(T1.Segment = 'KAM', T2.Consumption, 0)) AS REAL) / COUNT(T1.CustomerID) , CAST(SUM(IIF(T1.Segment = 'KAM', T2.Consumption, 0)) AS REAL) / COUNT(T1.CustomerID) - CAST(SUM(IIF(T1.Segment = 'SME', T2.Consumption, 0)) AS REAL) / COUNT(T1.CustomerID) FROM customers AS T1 INNER JOIN yearmonth AS T2 ON T1.CustomerID = T2.CustomerID WHERE T1.Currency = 'CZK' AND T2.Consumption = ( SELECT MIN(Consumption) FROM yearmonth ) AND T2.Date BETWEEN 201301 AND 201312","WITH least_consumption AS ( SELECT segment, MIN(consumption) AS min_consumption FROM ( SELECT customers.segment, SUM(yearmonth.consumption) AS consumption FROM transactions_1k JOIN customers ON transactions_1k.customerid = customers.customerid JOIN yearmonth ON SUBSTR(transactions_1k.date, 1, 4) = yearmonth.date WHERE customers.currency = 'CZK' AND transactions_1k.date BETWEEN '201301' AND '201312' GROUP BY customers.customerid ) GROUP BY segment ) SELECT 'SME - LAM' AS comparison, (SELECT AVG(consumption) FROM least_consumption WHERE segment = 'SME') - (SELECT AVG(consumption) FROM least_consumption WHERE segment = 'LAM') AS difference UNION ALL SELECT 'LAM - KAM' AS comparison, (SELECT AVG(consumption) FROM least_consumption WHERE segment = 'LAM') - (SELECT AVG(consumption) FROM least_consumption WHERE segment = 'KAM') AS difference UNION ALL SELECT 'KAM - SME' AS comparison, (SELECT AVG(consumption) FROM least_consumption WHERE segment = 'KAM') - (SELECT AVG(consumption) FROM least_consumption WHERE segment = 'SME') AS difference",0
"Which of the three segmentsSME, LAM and KAMhas the biggest and lowest percentage increases in consumption paid in EUR between 2012 and 2013?",challenging,"SELECT CAST((SUM(IIF(T1.Segment = 'SME' AND T2.Date LIKE '2013%', T2.Consumption, 0)) - SUM(IIF(T1.Segment = 'SME' AND T2.Date LIKE '2012%', T2.Consumption, 0))) AS FLOAT) * 100 / SUM(IIF(T1.Segment = 'SME' AND T2.Date LIKE '2012%', T2.Consumption, 0)), CAST(SUM(IIF(T1.Segment = 'LAM' AND T2.Date LIKE '2013%', T2.Consumption, 0)) - SUM(IIF(T1.Segment = 'LAM' AND T2.Date LIKE '2012%', T2.Consumption, 0)) AS FLOAT) * 100 / SUM(IIF(T1.Segment = 'LAM' AND T2.Date LIKE '2012%', T2.Consumption, 0)) , CAST(SUM(IIF(T1.Segment = 'KAM' AND T2.Date LIKE '2013%', T2.Consumption, 0)) - SUM(IIF(T1.Segment = 'KAM' AND T2.Date LIKE '2012%', T2.Consumption, 0)) AS FLOAT) * 100 / SUM(IIF(T1.Segment = 'KAM' AND T2.Date LIKE '2012%', T2.Consumption, 0)) FROM customers AS T1 INNER JOIN yearmonth AS T2 ON T1.CustomerID = T2.CustomerID","WITH consumption_changes AS ( SELECT c.segment, ym12.consumption AS consumption_2012, ym13.consumption AS consumption_2013, (ym13.consumption - ym12.consumption) / ym13.consumption * 100 AS percentage_increase FROM customers c JOIN yearmonth ym12 ON c.customerid = ym12.customerid AND ym12.date LIKE '2012%' JOIN yearmonth ym13 ON c.customerid = ym13.customerid AND ym13.date LIKE '2013%' WHERE c.currency = 'EUR' ) SELECT segment, MAX(percentage_increase) AS max_percentage_increase, MIN(percentage_increase) AS min_percentage_increase FROM consumption_changes GROUP BY segment",0
"For the customer who paid 634.8 in 2012/8/25, what was the consumption decrease rate from Year 2012 to 2013?",challenging,"SELECT CAST(SUM(IIF(SUBSTR(Date, 1, 4) = '2012', Consumption, 0)) - SUM(IIF(SUBSTR(Date, 1, 4) = '2013', Consumption, 0)) AS FLOAT) / SUM(IIF(SUBSTR(Date, 1, 4) = '2012', Consumption, 0)) FROM yearmonth WHERE CustomerID = ( SELECT T1.CustomerID FROM transactions_1k AS T1 INNER JOIN gasstations AS T2 ON T1.GasStationID = T2.GasStationID WHERE T1.Date = '2012-08-25' AND T1.Price = 634.8 )","SELECT (consumption_2012.consumption - consumption_2013.consumption) / consumption_2012.consumption AS consumption_decrease_rate FROM (SELECT customerid, consumption FROM yearmonth WHERE date = '2012') AS consumption_2012 JOIN (SELECT customerid, consumption FROM yearmonth WHERE date = '2013') AS consumption_2013 ON consumption_2012.customerid = consumption_2013.customerid JOIN transactions_1k ON consumption_2012.customerid = transactions_1k.customerid WHERE transactions_1k.amount = 634.8 AND transactions_1k.date = '2012-08-25'",0
